registry,id,severity,condition,closure
469,U01,P1,Servicio EXIT bounded pese a un owner single-flight inferior lento; conservar coalescing y cuota real.,"OPENED lento, EXIT concurrente más allá de 50 ms, tres ventanas y deadline por posición; sin doble llamada ni preemption ficticia de HTTP ya enviado."
469,U02,P1,"Mantenimiento de budget posible incluso con sidecar lleno; cardinalidad, poda y cuotas físicas coherentes.","Reproducir 6 scopes/s, SQL full, envejecimiento +4000s y restart; demostrar recuperación de EXIT sin borrar deuda de llamadas. Usa DELETE journal: no “arreglar WAL” inexistente."
469,U03,P1,Recovery intraday ligado al inicio durable y clocks coherentes; rollback durante fetch no retrofecha warmup.,"Caso start14:01 → completion13:47:40, 15 puntos falsamente posteriores; cero fill antes de warmup real, incluidos restart y futuro."
469,U04,P1,Propagar/validar las seis variables y paths de dynamic capacity desde launcher canónico.,"OFF/SHADOW/APPROVED config-only desde `porota_mode_manager`, sin credenciales en logs ni activación automática."
469,U05,P1,Rechazar una envolvente de capacidad incapaz de cubrir demanda EXIT; fairness y deadline por identidad.,"30 exits/cap15 o10, 10 posiciones/cap5 durante varias ventanas, cuotas globales y endpoint; no aumentar límites sin evidencia."
469,U06,P1,Una única admisión económica BINDING en CF y broker; jamás falsificar `passed=true`.,"Net R/R0,670348<1,20 produce no entrada y conserva razón; caller completo, costos de ambos lados y fill/intent lineage."
469,U07,P1,Reservar EXIT para FUTUROS ACTIVE y estados canónicos de cada familia.,"Mix spot/futuros, 5+5, discovery exhaustivo y cuota insuficiente; ninguna posición omitida por `status='OPEN'`."
469,U08,P1,Identidad exacta de cinco componentes en quote/catalog/exit end-to-end.,Libro exacto cruza STOP mientras una cotización más nueva de otra moneda/mercado existe; STOP/TP/EOD/restart tanto spot como futuro. Tombstones no reviven LKG.
469,U09,P1,"Tick contractual DLR y redondeo adverso por lado del fill ejecutable, antes de su cash/P&L.","Quotes secuenciales de entrada/salida:1579,3158/1579,6840 frente a tick0,5; no corregir sólo display. Marks y settlement oficial se rigen por su tipo/fuente/precisión contractual, sin redondeo adverso automático."
469,U10,P1,Cutoff exacto en futuro cash/risk; eventos posteriores no liberan margen antes.,"t±1/100/499/500 microsegundos y offsets normalizados, variation/close/restart; no pérdida de precisión con julianday."
469,U11,P1,Selección del artifact ligada a run/head/workflow/path/event/attempt aprobados.,"Run exitoso de otro head, workflow homónimo, artifact de nombre igual, reemplazo externo y expiración rechazados antes de promoción."
469,U12,P1,Igualdad efectiva expected image ID == loaded image ID antes de tag/promote.,Tar hash válido con loaded ID divergente falla cerrado antes de mutar tag; distinguir normalización legítima de config digest.
469,U13,P2,Gate de salud canónico contempla child SHADOW y última generación válida/fresca.,"Spawn failure, crash loop, CURRENT ausente/stale; scanner heartbeat sano no basta. Preopen legítimo no debe fingir READY."
469,U14,P2,Retención sirve una rueda completa y recuperación con cadencia real sin autoagotarse.,"Caller full tick: repetir frontera soft 40,5 m/hard 50,5 m y una rueda+recovery; sin borrar evidencia no archivada."
469,U15,P2,ACK ledger con compactación/checkpoint seguro y cuota sostenible.,"Archiver ideal, >506 ACKs y miles de ciclos; reinicio y prueba de continuidad del anclaje."
469,U16,P2,Sanitizar errores de fuentes antes de cache/report/archive.,"Marcadores de tokens, headers/URLs/PII sintéticos; taxonomía allowlisted, no mero truncado."
469,U17,P2,Definir trust boundary y comprobar safety semántico entre report/status.,"Rehash integral con orders7/status0, writer/reader y promoción; autenticidad requiere anclaje independiente, no más hashes en la misma raíz."
469,U18,P2,ACK unido a objeto durable realmente verificado e identidad de archivador.,"URI inexistente, digest inventado/replay y archivo inaccesible no habilitan borrar; documentar límite de confianza."
469,U19,P2,Rotación reanudable e idempotente ante borrado parcial.,"EIO en cada unlink/rename/fsync, kill/restart y reintento; ninguna evidencia íntegra no archivada perdida."
469,U20,P2,High-water/lineage durable frente a rollback de CURRENT.,Volver a pointer válido viejo y commit: no sequence duplicada/fork; recuperación explícita y freshness independiente.
469,U21,P2,Audit de fuentes semánticamente ligado a reports del mismo corte.,Digest correcto pero audit vacío/ghost/count/status/asof incompatibles debe fallar; recomputación canónica.
469,U22,P2,`portfolio_capacity(at)` reconstruye estado de futuros al corte.,Un close futuro no cambia riesgo1.500.100 del pasado a0; invariancia ante agregar eventos posteriores.
469,U23,P2,Idempotencia de FCI valida fingerprint completo de intención.,"Mismo event_id con monto1000→2000, moneda/time/detail cambiados y carrera: conflicto explícito; retry idéntico sí. No afirmar wiring FCI no demostrado."
469,U24,P2,Export histórico realmente no escribe en filesystem fuente.,"Main+WAL sin SHM en fuente RO; snapshot coherente en copia, no generar SHM fuente ni ignorar WAL pendiente usando immutable de forma incorrecta."
469,U25,P2,Validar permisos completos según policy y rechazar writable inesperado.,Mutación0644→0666 con hash externo recalculado; revisar source/bundle/image. Los modos del artifact auditado estaban correctos.
469,U26,P3,Report duplicado no infla cardinalidad sin semántica declarada.,Exact duplicate y duplicado conflictivo; conteo/digest/identidad coherentes.
469,U27,P3,`shadow_promotion` no expresa autoridad incompatible con PPI primary.,BYMA-only/IOL-only; flags selection/entry/live/promotion consistentes y consumidores inventariados.
469,U28,P3,Unificar documentación de disco con autorización dinámica+2 GiB.,YAML/JSON/runbook/gates concuerdan; no reinstalar arbitrariamente6 GiB ni etiquetar como incumplimiento el piso autorizado.
469,U29,P2,Endurecer reproducibilidad de supply chain y explicitar límites.,Actions por commit y dependencias con hashes/wheelhouse soportado; drift negativo. No declarar build hermético sólo por pin de versión.
468,AUD-468-01,P1,Fix de frescura presente en #466; stale-tail20m queda HOLD en fixture. No duplicar ese fix.,"Conservar y reejecutar guard; completar U03 rollback/recovery y disponibilidad/received clocks. Cerrar sólo el caso demostrado, no todo CF."
468,AUD-468-02,P1,Persiste: 15 puntos/28s o42m pasan como ventana de15min.,"Contrato explícito de tiempo, cadencia, cierre y continuidad. Microbursts, timestamps repetidos por minuto, gaps, irregularidad y sesión; no arreglar subiendo sólo `min_samples`."
468,AUD-468-03,P1,Persiste: descenso de volumen no identifica intervalo.,"Tipo/unidad/semántica por proveedor/familia y procedencia. Acumulativo con reset no se confirma; intervalar monótono no se rechaza por heurística. Sin contrato demostrable, fail-closed en usos que dependan de él."
468,AUD-468-04,P1,Limitación baseline válida; #466 ofrece alternativa SHADOW/dynamic todavía no aprobada.,"Resolver junto U01/U02/U04/U05/U07: catálogo completo, discovery, HOT/WARM acotado y capacidad factual. No volver al lote viejo ni subir batch para simular cobertura."
468,AUD-468-05,P1,Persiste en motor principal:20 eventos/1min equivalen a20/90min.,"Definir si señal es de tiempo de eventos o calendario; si promete horizonte temporal exigir span/cadencia. Reproducir1/15/30/90m, gaps y repeated market-time. No imponer90m a toda estrategia sin justificar su hipótesis."
468,AUD-468-06,P2,Persiste: adjusted secundario gana a PPI raw.,Separar price basis/adjustment/factor/acción y autoridad por uso; jamás cambiar base con sólo booleano `adjusted`. Conflicto visible.
468,AUD-468-07,P2,Persiste: History v2 omite currency.,"Full-key+serie/base explícitas, migración verificada sobre copia y cuarentena de identidad ambigua. No inventar moneda ni agregar PK a ciegas."
468,AUD-468-08,P2,Persiste: identical reingest renueva canonical observed_at.,"Separar event_at, version_known_at y last_checked_at; precio viejo no se convierte en nueva observación."
468,AUD-468-09,P2,Persiste: offsets ordenados lexicalmente.,"Instantes UTC normalizados con precisión definida, tie-break determinista y rechazo de timestamps inválidos/futuros."
468,AUD-468-10,P2,Persiste: sink directo permite fecha futura/infinito.,Validación universal de fecha/sesión/finitud/OHLC/volumen antes de escribir; no depender sólo del adaptador PPI.
468,AUD-468-11,P2,"Persiste; caller SHADOW activo en BE, no dead code.",Versión conocida/downloaded <= decision_at; descarga posterior no entra a decisión pasada. Hardenizar lector o reemplazarlo con call graph/test que pruebe supersession.
468,AUD-468-12,P2,Persiste: revisiones cuentan como barras; revocación rescata versión vieja.,"Lector canónico de última versión as-of por serie/bar; filtrar calidad después, no antes. Una barra15revisiones cuenta1."
468,AUD-468-13,P2,Ruta IOL legacy; uso en runtime RC6 no demostrado.,"Probar caller/consumidor/unidad. Si activa, money/qty/nominal tipados; si muerta, deprecar con guard y evidencia, sin borrar datos por inferencia."
468,AUD-468-14,P2,Error matemático reproducido; impacto binding no probado.,"Bounds/modelo según estilo contractual, tasa/dividendos/tiempo. Put europeo válido6,6716 no se rechaza por intrinsic20. No tratar opción americana como europea ni crear autoridad de entrada."
468,AUD-468-15,P2,Semántica anual heredada; reconciliar con #470.,BONOS/LETRAS/ON: precio sin flujos claramente rotulado; total return/TIR/accrued sólo con cashflows/base válidos. Probar todas las rutas/aliases todavía accesibles.
468,AUD-468-16,P2,"Conceptos distintos siguen necesitando contrato, aunque nueva UX mejora presentación.","Mostrar fuente/cut/identity de history, candles, snapshot, decision y broker por concepto; freshness del panel no implica input usado por el motor."
468,AUD-468-17,P2,Persiste: dedup no atómico.,Restricción/idempotencia DB con clave semántica y transacción; dos writers idénticos no duplican versiones.
468,AUD-468-18,P2,Persistencia parcial de lote sin semántica de intento global.,Elegir atomicidad acotada o commits por fila con attempt ledger exacto/reanudable. No llamar bug a toda partialidad; el contrato y conteos deben reflejarla.
468,AUD-468-19,P2,"Store intraday mutable no permite replay previo; snapshot podría sustituirlo, no está probado completo.","Probar vector PIT completo por cada decisión binding+hash/clocks y replay sin tabla mutable; si falta, revisiones append-only. No duplicar stores sin demostrar necesidad."
468,AUD-468-20,P2,Persiste: Data912 normaliza sin validar de manera uniforme.,"Endurecer adaptador y sink común; NaN/inf/futuro/high<low/OHLC parcial, razones precisas, retry429/timeout sin falsa completitud."
468,AUD-468-21,P2,Gap de cobertura/observabilidad; no es por sí mismo un bug READY.,Métrica full-key/currency/session por consumidor y corte; no trasladar5739/7728 del1/10 al presente ni exigir history global a estrategias que no lo consumen.
integration_466_470,UX470-I01,P1_INTEGRATION,`Projection.shadow` usa por defecto `db + '.shadow'`; #466 escribe en `artifact_root(db)/dynamic-shadow`. El env del dashboard no aporta el override.,"Un único resolver/config de raíz y contrato canónico; ejecutar writer real en copia, lectura committed y render sin override manual oculto. Ausente/corrupto debe seguir fail-closed, no buscar arbitrariamente por mtime."
integration_466_470,UX470-I02,P1_INTEGRATION,"UX espera `OFF/SHADOW`, `OPEN_EVIDENCE_VERIFIED`, `baseline`, `endpoint_budgets`; motor emite `OFF_BASELINE/SHADOW_BASELINE`, `SHADOW_RECOMMENDATION/NO_VERIFICADO`, `baseline_limits`, `slots_by_endpoint`.",Schema versionado compartido o adapter explícito de versión; mostrar capacidad factual y limitaciones correctas en OFF/SHADOW/APPROVED. No traducir recomendación SHADOW a capacidad OPEN comprobada.
integration_466_470,UX470-I03,P1_INTEGRATION,Labs buscan `rows/families/evaluations/registry`; motor entrega `experiments/cohorts/registries` y `entries/entry_hour_cohorts`. Counts espera `funnel.counts` en raíz; motor publica `by_currency_channel[].stages`.,"Labs, cards y funnel deben consumir el mismo cut y cohort/currency/channel con cardinalidades coherentes. Dataset no vacío no puede aparentar vacío por campo desconocido; desconocido produce error contractual. No sumar monedas/canales para rellenar un total."
integration_466_470,UX470-I04,P1_INTEGRATION,Posiciones/count/riesgo UX consulta `paper_positions OPEN`; FUTUROS del motor reside en `paper_future_positions ACTIVE` más marks/lifecycle.,"Proyección por familia con identidad/cut exactos, futuros ACTIVE/closed, reserva PAPER, variation, exposure y cash separados; posición FUT de fixture debe verse y conciliar con el risk snapshot corregido."
integration_466_470,UX470-I05,P1_INTEGRATION,"CI y truth matrix aislados usan un contrato sintético y no acreditan integración. El launcher monta el hook desde stage, mientras el paquete UX depende de la imagen.","Guard productor→consumidor y truth matrix final; hook, paquete, mounts e imagen deben corresponder al mismo SHA/tree con import closure ejecutada. No mezclar hook nuevo con paquete interno viejo, ni desplegar artifacts parciales."
