sequence,as_of,phase,fixed_mod32_anchor,original_operational_catalog,observations,cohorts_at_transition,expiry_credit_bytes
1,2026-10-05T13:20:00+00:00,PREOPEN,0,1200,6000,NATIVE_PHASE_SPECIFIC,0
2,2026-10-05T13:35:00+00:00,OPEN,0,1200,6000,NATIVE_PHASE_SPECIFIC,0
3,2026-10-05T13:35:30+00:00,OPEN,0,1200,6000,NATIVE_PHASE_SPECIFIC,0
4,2026-10-05T13:36:00+00:00,OPEN,0,1200,6000,NATIVE_PHASE_SPECIFIC,0
5,2026-10-05T13:36:30+00:00,OPEN,0,1200,6000,NATIVE_PHASE_SPECIFIC,0
6,2026-10-05T13:37:00+00:00,OPEN,0,1200,6000,NATIVE_PHASE_SPECIFIC,0
7,2026-10-05T13:37:30+00:00,OPEN,0,1200,6000,NATIVE_PHASE_SPECIFIC,0
8,2026-10-05T13:38:00+00:00,OPEN,0,1200,6000,NATIVE_PHASE_SPECIFIC,0
9,2026-10-05T13:38:30+00:00,OPEN,0,1200,6000,NATIVE_PHASE_SPECIFIC,0
10,2026-10-05T13:39:00+00:00,OPEN,0,1200,6000,NATIVE_PHASE_SPECIFIC,0
11,2026-10-05T13:39:30+00:00,OPEN,0,1200,6000,NATIVE_PHASE_SPECIFIC,0
12,2026-10-05T13:40:00+00:00,OPEN,0,1200,6000,NATIVE_PHASE_SPECIFIC,0
13,2026-10-05T13:40:30+00:00,OPEN,0,1200,6000,NATIVE_PHASE_SPECIFIC,0
14,2026-10-05T13:41:00+00:00,OPEN,0,1200,6000,NATIVE_PHASE_SPECIFIC,0
15,2026-10-05T13:41:30+00:00,OPEN,0,1200,6000,NATIVE_PHASE_SPECIFIC,0
16,2026-10-05T13:42:00+00:00,OPEN,0,1200,6000,NATIVE_PHASE_SPECIFIC,0
17,2026-10-05T13:42:30+00:00,OPEN,0,1200,6000,NATIVE_PHASE_SPECIFIC,0
18,2026-10-05T13:43:00+00:00,OPEN,0,1200,6000,NATIVE_PHASE_SPECIFIC,0
19,2026-10-05T13:43:30+00:00,OPEN,0,1200,6000,NATIVE_PHASE_SPECIFIC,0
20,2026-10-05T13:44:00+00:00,OPEN,0,1200,6000,NATIVE_PHASE_SPECIFIC,0
21,2026-10-05T13:44:30+00:00,OPEN,0,1200,6000,NATIVE_PHASE_SPECIFIC,0
22,2026-10-05T13:45:00+00:00,OPEN,0,1200,6000,NATIVE_PHASE_SPECIFIC,0
23,2026-10-05T13:45:30+00:00,OPEN,0,1200,6000,NATIVE_PHASE_SPECIFIC,0
24,2026-10-05T13:46:00+00:00,OPEN,0,1200,6000,NATIVE_PHASE_SPECIFIC,0
25,2026-10-05T13:46:30+00:00,OPEN,0,1200,6000,NATIVE_PHASE_SPECIFIC,0
26,2026-10-05T13:47:00+00:00,OPEN,0,1200,6000,NATIVE_PHASE_SPECIFIC,0
27,2026-10-05T13:47:30+00:00,OPEN,0,1200,6000,NATIVE_PHASE_SPECIFIC,0
28,2026-10-05T13:48:00+00:00,OPEN,0,1200,6000,NATIVE_PHASE_SPECIFIC,0
29,2026-10-05T13:48:30+00:00,OPEN,0,1200,6000,NATIVE_PHASE_SPECIFIC,0
30,2026-10-05T13:49:00+00:00,OPEN,0,1200,6000,NATIVE_PHASE_SPECIFIC,0
31,2026-10-05T13:49:30+00:00,OPEN,0,1200,6000,NATIVE_PHASE_SPECIFIC,0
32,2026-10-05T13:50:00+00:00,OPEN,1,1200,6000,NATIVE_PHASE_SPECIFIC,0
33,2026-10-05T13:50:30+00:00,OPEN,0,1200,6000,NATIVE_PHASE_SPECIFIC,0
34,2026-10-05T13:51:00+00:00,OPEN,0,1200,6000,NATIVE_PHASE_SPECIFIC,0
35,2026-10-05T13:51:30+00:00,OPEN,0,1200,6000,NATIVE_PHASE_SPECIFIC,0
36,2026-10-05T13:52:00+00:00,OPEN,0,1200,6000,NATIVE_PHASE_SPECIFIC,0
37,2026-10-05T13:52:30+00:00,OPEN,0,1200,6000,NATIVE_PHASE_SPECIFIC,0
38,2026-10-05T13:53:00+00:00,OPEN,0,1200,6000,NATIVE_PHASE_SPECIFIC,0
39,2026-10-05T13:53:30+00:00,OPEN,0,1200,6000,NATIVE_PHASE_SPECIFIC,0
40,2026-10-05T13:54:00+00:00,OPEN,0,1200,6000,NATIVE_PHASE_SPECIFIC,0
41,2026-10-05T13:54:30+00:00,OPEN,0,1200,6000,NATIVE_PHASE_SPECIFIC,0
42,2026-10-05T13:55:00+00:00,OPEN,0,1200,6000,NATIVE_PHASE_SPECIFIC,0
43,2026-10-05T13:55:30+00:00,OPEN,0,1200,6000,NATIVE_PHASE_SPECIFIC,0
44,2026-10-05T13:56:00+00:00,OPEN,0,1200,6000,NATIVE_PHASE_SPECIFIC,0
45,2026-10-05T13:56:30+00:00,OPEN,0,1200,6000,NATIVE_PHASE_SPECIFIC,0
46,2026-10-05T13:57:00+00:00,OPEN,0,1200,6000,NATIVE_PHASE_SPECIFIC,0
47,2026-10-05T13:57:30+00:00,OPEN,0,1200,6000,NATIVE_PHASE_SPECIFIC,0
48,2026-10-05T13:58:00+00:00,OPEN,0,1200,6000,NATIVE_PHASE_SPECIFIC,0
49,2026-10-05T13:58:30+00:00,OPEN,0,1200,6000,NATIVE_PHASE_SPECIFIC,0
50,2026-10-05T13:59:00+00:00,OPEN,0,1200,6000,NATIVE_PHASE_SPECIFIC,0
51,2026-10-05T13:59:30+00:00,OPEN,0,1200,6000,NATIVE_PHASE_SPECIFIC,0
52,2026-10-05T14:00:00+00:00,OPEN,0,1200,6000,NATIVE_PHASE_SPECIFIC,0
53,2026-10-05T14:00:30+00:00,OPEN,0,1200,6000,NATIVE_PHASE_SPECIFIC,0
54,2026-10-05T14:01:00+00:00,OPEN,0,1200,6000,NATIVE_PHASE_SPECIFIC,0
55,2026-10-05T14:01:30+00:00,OPEN,0,1200,6000,NATIVE_PHASE_SPECIFIC,0
56,2026-10-05T14:02:00+00:00,OPEN,0,1200,6000,NATIVE_PHASE_SPECIFIC,0
57,2026-10-05T14:02:30+00:00,OPEN,0,1200,6000,NATIVE_PHASE_SPECIFIC,0
58,2026-10-05T14:03:00+00:00,OPEN,0,1200,6000,NATIVE_PHASE_SPECIFIC,0
59,2026-10-05T14:03:30+00:00,OPEN,0,1200,6000,NATIVE_PHASE_SPECIFIC,0
60,2026-10-05T14:04:00+00:00,OPEN,0,1200,6000,NATIVE_PHASE_SPECIFIC,0
61,2026-10-05T14:04:30+00:00,OPEN,0,1200,6000,NATIVE_PHASE_SPECIFIC,0
62,2026-10-05T14:05:00+00:00,OPEN,0,1200,6000,NATIVE_PHASE_SPECIFIC,0
63,2026-10-05T14:05:30+00:00,OPEN,0,1200,6000,NATIVE_PHASE_SPECIFIC,0
64,2026-10-05T14:06:00+00:00,OPEN,1,1200,6000,NATIVE_PHASE_SPECIFIC,0
65,2026-10-05T14:06:30+00:00,OPEN,0,1200,6000,NATIVE_PHASE_SPECIFIC,0
66,2026-10-05T14:07:00+00:00,OPEN,0,1200,6000,NATIVE_PHASE_SPECIFIC,0
67,2026-10-05T14:07:30+00:00,OPEN,0,1200,6000,NATIVE_PHASE_SPECIFIC,0
68,2026-10-05T14:08:00+00:00,OPEN,0,1200,6000,NATIVE_PHASE_SPECIFIC,0
69,2026-10-05T14:08:30+00:00,OPEN,0,1200,6000,NATIVE_PHASE_SPECIFIC,0
70,2026-10-05T14:09:00+00:00,OPEN,0,1200,6000,NATIVE_PHASE_SPECIFIC,0
71,2026-10-05T14:09:30+00:00,OPEN,0,1200,6000,NATIVE_PHASE_SPECIFIC,0
72,2026-10-05T14:10:00+00:00,OPEN,0,1200,6000,NATIVE_PHASE_SPECIFIC,0
73,2026-10-05T14:10:30+00:00,OPEN,0,1200,6000,NATIVE_PHASE_SPECIFIC,0
74,2026-10-05T14:11:00+00:00,OPEN,0,1200,6000,NATIVE_PHASE_SPECIFIC,0
75,2026-10-05T14:11:30+00:00,OPEN,0,1200,6000,NATIVE_PHASE_SPECIFIC,0
76,2026-10-05T14:12:00+00:00,OPEN,0,1200,6000,NATIVE_PHASE_SPECIFIC,0
77,2026-10-05T14:12:30+00:00,OPEN,0,1200,6000,NATIVE_PHASE_SPECIFIC,0
78,2026-10-05T14:13:00+00:00,OPEN,0,1200,6000,NATIVE_PHASE_SPECIFIC,0
79,2026-10-05T14:13:30+00:00,OPEN,0,1200,6000,NATIVE_PHASE_SPECIFIC,0
80,2026-10-05T14:14:00+00:00,OPEN,0,1200,6000,NATIVE_PHASE_SPECIFIC,0
81,2026-10-05T14:14:30+00:00,OPEN,0,1200,6000,NATIVE_PHASE_SPECIFIC,0
82,2026-10-05T14:15:00+00:00,OPEN,0,1200,6000,NATIVE_PHASE_SPECIFIC,0
83,2026-10-05T14:15:30+00:00,OPEN,0,1200,6000,NATIVE_PHASE_SPECIFIC,0
84,2026-10-05T14:16:00+00:00,OPEN,0,1200,6000,NATIVE_PHASE_SPECIFIC,0
85,2026-10-05T14:16:30+00:00,OPEN,0,1200,6000,NATIVE_PHASE_SPECIFIC,0
86,2026-10-05T14:17:00+00:00,OPEN,0,1200,6000,NATIVE_PHASE_SPECIFIC,0
87,2026-10-05T14:17:30+00:00,OPEN,0,1200,6000,NATIVE_PHASE_SPECIFIC,0
88,2026-10-05T14:18:00+00:00,OPEN,0,1200,6000,NATIVE_PHASE_SPECIFIC,0
89,2026-10-05T14:18:30+00:00,OPEN,0,1200,6000,NATIVE_PHASE_SPECIFIC,0
90,2026-10-05T14:19:00+00:00,OPEN,0,1200,6000,NATIVE_PHASE_SPECIFIC,0
91,2026-10-05T14:19:30+00:00,OPEN,0,1200,6000,NATIVE_PHASE_SPECIFIC,0
92,2026-10-05T14:20:00+00:00,OPEN,0,1200,6000,NATIVE_PHASE_SPECIFIC,0
93,2026-10-05T14:20:30+00:00,OPEN,0,1200,6000,NATIVE_PHASE_SPECIFIC,0
94,2026-10-05T14:21:00+00:00,OPEN,0,1200,6000,NATIVE_PHASE_SPECIFIC,0
95,2026-10-05T14:21:30+00:00,OPEN,0,1200,6000,NATIVE_PHASE_SPECIFIC,0
96,2026-10-05T14:22:00+00:00,OPEN,1,1200,6000,NATIVE_PHASE_SPECIFIC,0
97,2026-10-05T14:22:30+00:00,OPEN,0,1200,6000,NATIVE_PHASE_SPECIFIC,0
98,2026-10-05T14:23:00+00:00,OPEN,0,1200,6000,NATIVE_PHASE_SPECIFIC,0
99,2026-10-05T14:23:30+00:00,OPEN,0,1200,6000,NATIVE_PHASE_SPECIFIC,0
100,2026-10-05T14:24:00+00:00,OPEN,0,1200,6000,NATIVE_PHASE_SPECIFIC,0
101,2026-10-05T14:24:30+00:00,OPEN,0,1200,6000,NATIVE_PHASE_SPECIFIC,0
102,2026-10-05T14:25:00+00:00,OPEN,0,1200,6000,NATIVE_PHASE_SPECIFIC,0
103,2026-10-05T14:25:30+00:00,OPEN,0,1200,6000,NATIVE_PHASE_SPECIFIC,0
104,2026-10-05T14:26:00+00:00,OPEN,0,1200,6000,NATIVE_PHASE_SPECIFIC,0
105,2026-10-05T14:26:30+00:00,OPEN,0,1200,6000,NATIVE_PHASE_SPECIFIC,0
106,2026-10-05T14:27:00+00:00,OPEN,0,1200,6000,NATIVE_PHASE_SPECIFIC,0
107,2026-10-05T14:27:30+00:00,OPEN,0,1200,6000,NATIVE_PHASE_SPECIFIC,0
108,2026-10-05T14:28:00+00:00,OPEN,0,1200,6000,NATIVE_PHASE_SPECIFIC,0
109,2026-10-05T14:28:30+00:00,OPEN,0,1200,6000,NATIVE_PHASE_SPECIFIC,0
110,2026-10-05T14:29:00+00:00,OPEN,0,1200,6000,NATIVE_PHASE_SPECIFIC,0
111,2026-10-05T14:29:30+00:00,OPEN,0,1200,6000,NATIVE_PHASE_SPECIFIC,0
112,2026-10-05T14:30:00+00:00,OPEN,0,1200,6000,NATIVE_PHASE_SPECIFIC,0
113,2026-10-05T14:30:30+00:00,OPEN,0,1200,6000,NATIVE_PHASE_SPECIFIC,0
114,2026-10-05T14:31:00+00:00,OPEN,0,1200,6000,NATIVE_PHASE_SPECIFIC,0
115,2026-10-05T14:31:30+00:00,OPEN,0,1200,6000,NATIVE_PHASE_SPECIFIC,0
116,2026-10-05T14:32:00+00:00,OPEN,0,1200,6000,NATIVE_PHASE_SPECIFIC,0
117,2026-10-05T14:32:30+00:00,OPEN,0,1200,6000,NATIVE_PHASE_SPECIFIC,0
118,2026-10-05T14:33:00+00:00,OPEN,0,1200,6000,NATIVE_PHASE_SPECIFIC,0
119,2026-10-05T14:33:30+00:00,OPEN,0,1200,6000,NATIVE_PHASE_SPECIFIC,0
120,2026-10-05T14:34:00+00:00,OPEN,0,1200,6000,NATIVE_PHASE_SPECIFIC,0
121,2026-10-05T14:34:30+00:00,OPEN,0,1200,6000,NATIVE_PHASE_SPECIFIC,0
122,2026-10-05T14:35:00+00:00,OPEN,0,1200,6000,NATIVE_PHASE_SPECIFIC,0
123,2026-10-05T14:35:30+00:00,OPEN,0,1200,6000,NATIVE_PHASE_SPECIFIC,0
124,2026-10-05T14:36:00+00:00,OPEN,0,1200,6000,NATIVE_PHASE_SPECIFIC,0
125,2026-10-05T14:36:30+00:00,OPEN,0,1200,6000,NATIVE_PHASE_SPECIFIC,0
126,2026-10-05T14:37:00+00:00,OPEN,0,1200,6000,NATIVE_PHASE_SPECIFIC,0
127,2026-10-05T14:37:30+00:00,OPEN,0,1200,6000,NATIVE_PHASE_SPECIFIC,0
128,2026-10-05T14:38:00+00:00,OPEN,1,1200,6000,NATIVE_PHASE_SPECIFIC,0
129,2026-10-05T14:38:30+00:00,OPEN,0,1200,6000,NATIVE_PHASE_SPECIFIC,0
130,2026-10-05T14:39:00+00:00,OPEN,0,1200,6000,NATIVE_PHASE_SPECIFIC,0
131,2026-10-05T14:39:30+00:00,OPEN,0,1200,6000,NATIVE_PHASE_SPECIFIC,0
132,2026-10-05T14:40:00+00:00,OPEN,0,1200,6000,NATIVE_PHASE_SPECIFIC,0
133,2026-10-05T14:40:30+00:00,OPEN,0,1200,6000,NATIVE_PHASE_SPECIFIC,0
134,2026-10-05T14:41:00+00:00,OPEN,0,1200,6000,NATIVE_PHASE_SPECIFIC,0
135,2026-10-05T14:41:30+00:00,OPEN,0,1200,6000,NATIVE_PHASE_SPECIFIC,0
136,2026-10-05T14:42:00+00:00,OPEN,0,1200,6000,NATIVE_PHASE_SPECIFIC,0
137,2026-10-05T14:42:30+00:00,OPEN,0,1200,6000,NATIVE_PHASE_SPECIFIC,0
138,2026-10-05T14:43:00+00:00,OPEN,0,1200,6000,NATIVE_PHASE_SPECIFIC,0
139,2026-10-05T14:43:30+00:00,OPEN,0,1200,6000,NATIVE_PHASE_SPECIFIC,0
140,2026-10-05T14:44:00+00:00,OPEN,0,1200,6000,NATIVE_PHASE_SPECIFIC,0
141,2026-10-05T14:44:30+00:00,OPEN,0,1200,6000,NATIVE_PHASE_SPECIFIC,0
142,2026-10-05T14:45:00+00:00,OPEN,0,1200,6000,NATIVE_PHASE_SPECIFIC,0
143,2026-10-05T14:45:30+00:00,OPEN,0,1200,6000,NATIVE_PHASE_SPECIFIC,0
144,2026-10-05T14:46:00+00:00,OPEN,0,1200,6000,NATIVE_PHASE_SPECIFIC,0
145,2026-10-05T14:46:30+00:00,OPEN,0,1200,6000,NATIVE_PHASE_SPECIFIC,0
146,2026-10-05T14:47:00+00:00,OPEN,0,1200,6000,NATIVE_PHASE_SPECIFIC,0
147,2026-10-05T14:47:30+00:00,OPEN,0,1200,6000,NATIVE_PHASE_SPECIFIC,0
148,2026-10-05T14:48:00+00:00,OPEN,0,1200,6000,NATIVE_PHASE_SPECIFIC,0
149,2026-10-05T14:48:30+00:00,OPEN,0,1200,6000,NATIVE_PHASE_SPECIFIC,0
150,2026-10-05T14:49:00+00:00,OPEN,0,1200,6000,NATIVE_PHASE_SPECIFIC,0
151,2026-10-05T14:49:30+00:00,OPEN,0,1200,6000,NATIVE_PHASE_SPECIFIC,0
152,2026-10-05T14:50:00+00:00,OPEN,0,1200,6000,NATIVE_PHASE_SPECIFIC,0
153,2026-10-05T14:50:30+00:00,OPEN,0,1200,6000,NATIVE_PHASE_SPECIFIC,0
154,2026-10-05T14:51:00+00:00,OPEN,0,1200,6000,NATIVE_PHASE_SPECIFIC,0
155,2026-10-05T14:51:30+00:00,OPEN,0,1200,6000,NATIVE_PHASE_SPECIFIC,0
156,2026-10-05T14:52:00+00:00,OPEN,0,1200,6000,NATIVE_PHASE_SPECIFIC,0
157,2026-10-05T14:52:30+00:00,OPEN,0,1200,6000,NATIVE_PHASE_SPECIFIC,0
158,2026-10-05T14:53:00+00:00,OPEN,0,1200,6000,NATIVE_PHASE_SPECIFIC,0
159,2026-10-05T14:53:30+00:00,OPEN,0,1200,6000,NATIVE_PHASE_SPECIFIC,0
160,2026-10-05T14:54:00+00:00,OPEN,1,1200,6000,NATIVE_PHASE_SPECIFIC,0
161,2026-10-05T14:54:30+00:00,OPEN,0,1200,6000,NATIVE_PHASE_SPECIFIC,0
162,2026-10-05T14:55:00+00:00,OPEN,0,1200,6000,NATIVE_PHASE_SPECIFIC,0
163,2026-10-05T14:55:30+00:00,OPEN,0,1200,6000,NATIVE_PHASE_SPECIFIC,0
164,2026-10-05T14:56:00+00:00,OPEN,0,1200,6000,NATIVE_PHASE_SPECIFIC,0
165,2026-10-05T14:56:30+00:00,OPEN,0,1200,6000,NATIVE_PHASE_SPECIFIC,0
166,2026-10-05T14:57:00+00:00,OPEN,0,1200,6000,NATIVE_PHASE_SPECIFIC,0
167,2026-10-05T14:57:30+00:00,OPEN,0,1200,6000,NATIVE_PHASE_SPECIFIC,0
168,2026-10-05T14:58:00+00:00,OPEN,0,1200,6000,NATIVE_PHASE_SPECIFIC,0
169,2026-10-05T14:58:30+00:00,OPEN,0,1200,6000,NATIVE_PHASE_SPECIFIC,0
170,2026-10-05T14:59:00+00:00,OPEN,0,1200,6000,NATIVE_PHASE_SPECIFIC,0
171,2026-10-05T14:59:30+00:00,OPEN,0,1200,6000,NATIVE_PHASE_SPECIFIC,0
172,2026-10-05T15:00:00+00:00,OPEN,0,1200,6000,NATIVE_PHASE_SPECIFIC,0
173,2026-10-05T15:00:30+00:00,OPEN,0,1200,6000,NATIVE_PHASE_SPECIFIC,0
174,2026-10-05T15:01:00+00:00,OPEN,0,1200,6000,NATIVE_PHASE_SPECIFIC,0
175,2026-10-05T15:01:30+00:00,OPEN,0,1200,6000,NATIVE_PHASE_SPECIFIC,0
176,2026-10-05T15:02:00+00:00,OPEN,0,1200,6000,NATIVE_PHASE_SPECIFIC,0
177,2026-10-05T15:02:30+00:00,OPEN,0,1200,6000,NATIVE_PHASE_SPECIFIC,0
178,2026-10-05T15:03:00+00:00,OPEN,0,1200,6000,NATIVE_PHASE_SPECIFIC,0
179,2026-10-05T15:03:30+00:00,OPEN,0,1200,6000,NATIVE_PHASE_SPECIFIC,0
180,2026-10-05T15:04:00+00:00,OPEN,0,1200,6000,NATIVE_PHASE_SPECIFIC,0
181,2026-10-05T15:04:30+00:00,OPEN,0,1200,6000,NATIVE_PHASE_SPECIFIC,0
182,2026-10-05T15:05:00+00:00,OPEN,0,1200,6000,NATIVE_PHASE_SPECIFIC,0
183,2026-10-05T15:05:30+00:00,OPEN,0,1200,6000,NATIVE_PHASE_SPECIFIC,0
184,2026-10-05T15:06:00+00:00,OPEN,0,1200,6000,NATIVE_PHASE_SPECIFIC,0
185,2026-10-05T15:06:30+00:00,OPEN,0,1200,6000,NATIVE_PHASE_SPECIFIC,0
186,2026-10-05T15:07:00+00:00,OPEN,0,1200,6000,NATIVE_PHASE_SPECIFIC,0
187,2026-10-05T15:07:30+00:00,OPEN,0,1200,6000,NATIVE_PHASE_SPECIFIC,0
188,2026-10-05T15:08:00+00:00,OPEN,0,1200,6000,NATIVE_PHASE_SPECIFIC,0
189,2026-10-05T15:08:30+00:00,OPEN,0,1200,6000,NATIVE_PHASE_SPECIFIC,0
190,2026-10-05T15:09:00+00:00,OPEN,0,1200,6000,NATIVE_PHASE_SPECIFIC,0
191,2026-10-05T15:09:30+00:00,OPEN,0,1200,6000,NATIVE_PHASE_SPECIFIC,0
192,2026-10-05T15:10:00+00:00,OPEN,1,1200,6000,NATIVE_PHASE_SPECIFIC,0
193,2026-10-05T15:10:30+00:00,OPEN,0,1200,6000,NATIVE_PHASE_SPECIFIC,0
194,2026-10-05T15:11:00+00:00,OPEN,0,1200,6000,NATIVE_PHASE_SPECIFIC,0
195,2026-10-05T15:11:30+00:00,OPEN,0,1200,6000,NATIVE_PHASE_SPECIFIC,0
196,2026-10-05T15:12:00+00:00,OPEN,0,1200,6000,NATIVE_PHASE_SPECIFIC,0
197,2026-10-05T15:12:30+00:00,OPEN,0,1200,6000,NATIVE_PHASE_SPECIFIC,0
198,2026-10-05T15:13:00+00:00,OPEN,0,1200,6000,NATIVE_PHASE_SPECIFIC,0
199,2026-10-05T15:13:30+00:00,OPEN,0,1200,6000,NATIVE_PHASE_SPECIFIC,0
200,2026-10-05T15:14:00+00:00,OPEN,0,1200,6000,NATIVE_PHASE_SPECIFIC,0
201,2026-10-05T15:14:30+00:00,OPEN,0,1200,6000,NATIVE_PHASE_SPECIFIC,0
202,2026-10-05T15:15:00+00:00,OPEN,0,1200,6000,NATIVE_PHASE_SPECIFIC,0
203,2026-10-05T15:15:30+00:00,OPEN,0,1200,6000,NATIVE_PHASE_SPECIFIC,0
204,2026-10-05T15:16:00+00:00,OPEN,0,1200,6000,NATIVE_PHASE_SPECIFIC,0
205,2026-10-05T15:16:30+00:00,OPEN,0,1200,6000,NATIVE_PHASE_SPECIFIC,0
206,2026-10-05T15:17:00+00:00,OPEN,0,1200,6000,NATIVE_PHASE_SPECIFIC,0
207,2026-10-05T15:17:30+00:00,OPEN,0,1200,6000,NATIVE_PHASE_SPECIFIC,0
208,2026-10-05T15:18:00+00:00,OPEN,0,1200,6000,NATIVE_PHASE_SPECIFIC,0
209,2026-10-05T15:18:30+00:00,OPEN,0,1200,6000,NATIVE_PHASE_SPECIFIC,0
210,2026-10-05T15:19:00+00:00,OPEN,0,1200,6000,NATIVE_PHASE_SPECIFIC,0
211,2026-10-05T15:19:30+00:00,OPEN,0,1200,6000,NATIVE_PHASE_SPECIFIC,0
212,2026-10-05T15:20:00+00:00,OPEN,0,1200,6000,NATIVE_PHASE_SPECIFIC,0
213,2026-10-05T15:20:30+00:00,OPEN,0,1200,6000,NATIVE_PHASE_SPECIFIC,0
214,2026-10-05T15:21:00+00:00,OPEN,0,1200,6000,NATIVE_PHASE_SPECIFIC,0
215,2026-10-05T15:21:30+00:00,OPEN,0,1200,6000,NATIVE_PHASE_SPECIFIC,0
216,2026-10-05T15:22:00+00:00,OPEN,0,1200,6000,NATIVE_PHASE_SPECIFIC,0
217,2026-10-05T15:22:30+00:00,OPEN,0,1200,6000,NATIVE_PHASE_SPECIFIC,0
218,2026-10-05T15:23:00+00:00,OPEN,0,1200,6000,NATIVE_PHASE_SPECIFIC,0
219,2026-10-05T15:23:30+00:00,OPEN,0,1200,6000,NATIVE_PHASE_SPECIFIC,0
220,2026-10-05T15:24:00+00:00,OPEN,0,1200,6000,NATIVE_PHASE_SPECIFIC,0
221,2026-10-05T15:24:30+00:00,OPEN,0,1200,6000,NATIVE_PHASE_SPECIFIC,0
222,2026-10-05T15:25:00+00:00,OPEN,0,1200,6000,NATIVE_PHASE_SPECIFIC,0
223,2026-10-05T15:25:30+00:00,OPEN,0,1200,6000,NATIVE_PHASE_SPECIFIC,0
224,2026-10-05T15:26:00+00:00,OPEN,1,1200,6000,NATIVE_PHASE_SPECIFIC,0
225,2026-10-05T15:26:30+00:00,OPEN,0,1200,6000,NATIVE_PHASE_SPECIFIC,0
226,2026-10-05T15:27:00+00:00,OPEN,0,1200,6000,NATIVE_PHASE_SPECIFIC,0
227,2026-10-05T15:27:30+00:00,OPEN,0,1200,6000,NATIVE_PHASE_SPECIFIC,0
228,2026-10-05T15:28:00+00:00,OPEN,0,1200,6000,NATIVE_PHASE_SPECIFIC,0
229,2026-10-05T15:28:30+00:00,OPEN,0,1200,6000,NATIVE_PHASE_SPECIFIC,0
230,2026-10-05T15:29:00+00:00,OPEN,0,1200,6000,NATIVE_PHASE_SPECIFIC,0
231,2026-10-05T15:29:30+00:00,OPEN,0,1200,6000,NATIVE_PHASE_SPECIFIC,0
232,2026-10-05T15:30:00+00:00,OPEN,0,1200,6000,NATIVE_PHASE_SPECIFIC,0
233,2026-10-05T15:30:30+00:00,OPEN,0,1200,6000,NATIVE_PHASE_SPECIFIC,0
234,2026-10-05T15:31:00+00:00,OPEN,0,1200,6000,NATIVE_PHASE_SPECIFIC,0
235,2026-10-05T15:31:30+00:00,OPEN,0,1200,6000,NATIVE_PHASE_SPECIFIC,0
236,2026-10-05T15:32:00+00:00,OPEN,0,1200,6000,NATIVE_PHASE_SPECIFIC,0
237,2026-10-05T15:32:30+00:00,OPEN,0,1200,6000,NATIVE_PHASE_SPECIFIC,0
238,2026-10-05T15:33:00+00:00,OPEN,0,1200,6000,NATIVE_PHASE_SPECIFIC,0
239,2026-10-05T15:33:30+00:00,OPEN,0,1200,6000,NATIVE_PHASE_SPECIFIC,0
240,2026-10-05T15:34:00+00:00,OPEN,0,1200,6000,NATIVE_PHASE_SPECIFIC,0
241,2026-10-05T15:34:30+00:00,OPEN,0,1200,6000,NATIVE_PHASE_SPECIFIC,0
242,2026-10-05T15:35:00+00:00,OPEN,0,1200,6000,NATIVE_PHASE_SPECIFIC,0
243,2026-10-05T15:35:30+00:00,OPEN,0,1200,6000,NATIVE_PHASE_SPECIFIC,0
244,2026-10-05T15:36:00+00:00,OPEN,0,1200,6000,NATIVE_PHASE_SPECIFIC,0
245,2026-10-05T15:36:30+00:00,OPEN,0,1200,6000,NATIVE_PHASE_SPECIFIC,0
246,2026-10-05T15:37:00+00:00,OPEN,0,1200,6000,NATIVE_PHASE_SPECIFIC,0
247,2026-10-05T15:37:30+00:00,OPEN,0,1200,6000,NATIVE_PHASE_SPECIFIC,0
248,2026-10-05T15:38:00+00:00,OPEN,0,1200,6000,NATIVE_PHASE_SPECIFIC,0
249,2026-10-05T15:38:30+00:00,OPEN,0,1200,6000,NATIVE_PHASE_SPECIFIC,0
250,2026-10-05T15:39:00+00:00,OPEN,0,1200,6000,NATIVE_PHASE_SPECIFIC,0
251,2026-10-05T15:39:30+00:00,OPEN,0,1200,6000,NATIVE_PHASE_SPECIFIC,0
252,2026-10-05T15:40:00+00:00,OPEN,0,1200,6000,NATIVE_PHASE_SPECIFIC,0
253,2026-10-05T15:40:30+00:00,OPEN,0,1200,6000,NATIVE_PHASE_SPECIFIC,0
254,2026-10-05T15:41:00+00:00,OPEN,0,1200,6000,NATIVE_PHASE_SPECIFIC,0
255,2026-10-05T15:41:30+00:00,OPEN,0,1200,6000,NATIVE_PHASE_SPECIFIC,0
256,2026-10-05T15:42:00+00:00,OPEN,1,1200,6000,NATIVE_PHASE_SPECIFIC,0
257,2026-10-05T15:42:30+00:00,OPEN,0,1200,6000,NATIVE_PHASE_SPECIFIC,0
258,2026-10-05T15:43:00+00:00,OPEN,0,1200,6000,NATIVE_PHASE_SPECIFIC,0
259,2026-10-05T15:43:30+00:00,OPEN,0,1200,6000,NATIVE_PHASE_SPECIFIC,0
260,2026-10-05T15:44:00+00:00,OPEN,0,1200,6000,NATIVE_PHASE_SPECIFIC,0
261,2026-10-05T15:44:30+00:00,OPEN,0,1200,6000,NATIVE_PHASE_SPECIFIC,0
262,2026-10-05T15:45:00+00:00,OPEN,0,1200,6000,NATIVE_PHASE_SPECIFIC,0
263,2026-10-05T15:45:30+00:00,OPEN,0,1200,6000,NATIVE_PHASE_SPECIFIC,0
264,2026-10-05T15:46:00+00:00,OPEN,0,1200,6000,NATIVE_PHASE_SPECIFIC,0
265,2026-10-05T15:46:30+00:00,OPEN,0,1200,6000,NATIVE_PHASE_SPECIFIC,0
266,2026-10-05T15:47:00+00:00,OPEN,0,1200,6000,NATIVE_PHASE_SPECIFIC,0
267,2026-10-05T15:47:30+00:00,OPEN,0,1200,6000,NATIVE_PHASE_SPECIFIC,0
268,2026-10-05T15:48:00+00:00,OPEN,0,1200,6000,NATIVE_PHASE_SPECIFIC,0
269,2026-10-05T15:48:30+00:00,OPEN,0,1200,6000,NATIVE_PHASE_SPECIFIC,0
270,2026-10-05T15:49:00+00:00,OPEN,0,1200,6000,NATIVE_PHASE_SPECIFIC,0
271,2026-10-05T15:49:30+00:00,OPEN,0,1200,6000,NATIVE_PHASE_SPECIFIC,0
272,2026-10-05T15:50:00+00:00,OPEN,0,1200,6000,NATIVE_PHASE_SPECIFIC,0
273,2026-10-05T15:50:30+00:00,OPEN,0,1200,6000,NATIVE_PHASE_SPECIFIC,0
274,2026-10-05T15:51:00+00:00,OPEN,0,1200,6000,NATIVE_PHASE_SPECIFIC,0
275,2026-10-05T15:51:30+00:00,OPEN,0,1200,6000,NATIVE_PHASE_SPECIFIC,0
276,2026-10-05T15:52:00+00:00,OPEN,0,1200,6000,NATIVE_PHASE_SPECIFIC,0
277,2026-10-05T15:52:30+00:00,OPEN,0,1200,6000,NATIVE_PHASE_SPECIFIC,0
278,2026-10-05T15:53:00+00:00,OPEN,0,1200,6000,NATIVE_PHASE_SPECIFIC,0
279,2026-10-05T15:53:30+00:00,OPEN,0,1200,6000,NATIVE_PHASE_SPECIFIC,0
280,2026-10-05T15:54:00+00:00,OPEN,0,1200,6000,NATIVE_PHASE_SPECIFIC,0
281,2026-10-05T15:54:30+00:00,OPEN,0,1200,6000,NATIVE_PHASE_SPECIFIC,0
282,2026-10-05T15:55:00+00:00,OPEN,0,1200,6000,NATIVE_PHASE_SPECIFIC,0
283,2026-10-05T15:55:30+00:00,OPEN,0,1200,6000,NATIVE_PHASE_SPECIFIC,0
284,2026-10-05T15:56:00+00:00,OPEN,0,1200,6000,NATIVE_PHASE_SPECIFIC,0
285,2026-10-05T15:56:30+00:00,OPEN,0,1200,6000,NATIVE_PHASE_SPECIFIC,0
286,2026-10-05T15:57:00+00:00,OPEN,0,1200,6000,NATIVE_PHASE_SPECIFIC,0
287,2026-10-05T15:57:30+00:00,OPEN,0,1200,6000,NATIVE_PHASE_SPECIFIC,0
288,2026-10-05T15:58:00+00:00,OPEN,1,1200,6000,NATIVE_PHASE_SPECIFIC,0
289,2026-10-05T15:58:30+00:00,OPEN,0,1200,6000,NATIVE_PHASE_SPECIFIC,0
290,2026-10-05T15:59:00+00:00,OPEN,0,1200,6000,NATIVE_PHASE_SPECIFIC,0
291,2026-10-05T15:59:30+00:00,OPEN,0,1200,6000,NATIVE_PHASE_SPECIFIC,0
292,2026-10-05T16:00:00+00:00,OPEN,0,1200,6000,NATIVE_PHASE_SPECIFIC,0
293,2026-10-05T16:00:30+00:00,OPEN,0,1200,6000,NATIVE_PHASE_SPECIFIC,0
294,2026-10-05T16:01:00+00:00,OPEN,0,1200,6000,NATIVE_PHASE_SPECIFIC,0
295,2026-10-05T16:01:30+00:00,OPEN,0,1200,6000,NATIVE_PHASE_SPECIFIC,0
296,2026-10-05T16:02:00+00:00,OPEN,0,1200,6000,NATIVE_PHASE_SPECIFIC,0
297,2026-10-05T16:02:30+00:00,OPEN,0,1200,6000,NATIVE_PHASE_SPECIFIC,0
298,2026-10-05T16:03:00+00:00,OPEN,0,1200,6000,NATIVE_PHASE_SPECIFIC,0
299,2026-10-05T16:03:30+00:00,OPEN,0,1200,6000,NATIVE_PHASE_SPECIFIC,0
300,2026-10-05T16:04:00+00:00,OPEN,0,1200,6000,NATIVE_PHASE_SPECIFIC,0
301,2026-10-05T16:04:30+00:00,OPEN,0,1200,6000,NATIVE_PHASE_SPECIFIC,0
302,2026-10-05T16:05:00+00:00,OPEN,0,1200,6000,NATIVE_PHASE_SPECIFIC,0
303,2026-10-05T16:05:30+00:00,OPEN,0,1200,6000,NATIVE_PHASE_SPECIFIC,0
304,2026-10-05T16:06:00+00:00,OPEN,0,1200,6000,NATIVE_PHASE_SPECIFIC,0
305,2026-10-05T16:06:30+00:00,OPEN,0,1200,6000,NATIVE_PHASE_SPECIFIC,0
306,2026-10-05T16:07:00+00:00,OPEN,0,1200,6000,NATIVE_PHASE_SPECIFIC,0
307,2026-10-05T16:07:30+00:00,OPEN,0,1200,6000,NATIVE_PHASE_SPECIFIC,0
308,2026-10-05T16:08:00+00:00,OPEN,0,1200,6000,NATIVE_PHASE_SPECIFIC,0
309,2026-10-05T16:08:30+00:00,OPEN,0,1200,6000,NATIVE_PHASE_SPECIFIC,0
310,2026-10-05T16:09:00+00:00,OPEN,0,1200,6000,NATIVE_PHASE_SPECIFIC,0
311,2026-10-05T16:09:30+00:00,OPEN,0,1200,6000,NATIVE_PHASE_SPECIFIC,0
312,2026-10-05T16:10:00+00:00,OPEN,0,1200,6000,NATIVE_PHASE_SPECIFIC,0
313,2026-10-05T16:10:30+00:00,OPEN,0,1200,6000,NATIVE_PHASE_SPECIFIC,0
314,2026-10-05T16:11:00+00:00,OPEN,0,1200,6000,NATIVE_PHASE_SPECIFIC,0
315,2026-10-05T16:11:30+00:00,OPEN,0,1200,6000,NATIVE_PHASE_SPECIFIC,0
316,2026-10-05T16:12:00+00:00,OPEN,0,1200,6000,NATIVE_PHASE_SPECIFIC,0
317,2026-10-05T16:12:30+00:00,OPEN,0,1200,6000,NATIVE_PHASE_SPECIFIC,0
318,2026-10-05T16:13:00+00:00,OPEN,0,1200,6000,NATIVE_PHASE_SPECIFIC,0
319,2026-10-05T16:13:30+00:00,OPEN,0,1200,6000,NATIVE_PHASE_SPECIFIC,0
320,2026-10-05T16:14:00+00:00,OPEN,1,1200,6000,NATIVE_PHASE_SPECIFIC,0
321,2026-10-05T16:14:30+00:00,OPEN,0,1200,6000,NATIVE_PHASE_SPECIFIC,0
322,2026-10-05T16:15:00+00:00,OPEN,0,1200,6000,NATIVE_PHASE_SPECIFIC,0
323,2026-10-05T16:15:30+00:00,OPEN,0,1200,6000,NATIVE_PHASE_SPECIFIC,0
324,2026-10-05T16:16:00+00:00,OPEN,0,1200,6000,NATIVE_PHASE_SPECIFIC,0
325,2026-10-05T16:16:30+00:00,OPEN,0,1200,6000,NATIVE_PHASE_SPECIFIC,0
326,2026-10-05T16:17:00+00:00,OPEN,0,1200,6000,NATIVE_PHASE_SPECIFIC,0
327,2026-10-05T16:17:30+00:00,OPEN,0,1200,6000,NATIVE_PHASE_SPECIFIC,0
328,2026-10-05T16:18:00+00:00,OPEN,0,1200,6000,NATIVE_PHASE_SPECIFIC,0
329,2026-10-05T16:18:30+00:00,OPEN,0,1200,6000,NATIVE_PHASE_SPECIFIC,0
330,2026-10-05T16:19:00+00:00,OPEN,0,1200,6000,NATIVE_PHASE_SPECIFIC,0
331,2026-10-05T16:19:30+00:00,OPEN,0,1200,6000,NATIVE_PHASE_SPECIFIC,0
332,2026-10-05T16:20:00+00:00,OPEN,0,1200,6000,NATIVE_PHASE_SPECIFIC,0
333,2026-10-05T16:20:30+00:00,OPEN,0,1200,6000,NATIVE_PHASE_SPECIFIC,0
334,2026-10-05T16:21:00+00:00,OPEN,0,1200,6000,NATIVE_PHASE_SPECIFIC,0
335,2026-10-05T16:21:30+00:00,OPEN,0,1200,6000,NATIVE_PHASE_SPECIFIC,0
336,2026-10-05T16:22:00+00:00,OPEN,0,1200,6000,NATIVE_PHASE_SPECIFIC,0
337,2026-10-05T16:22:30+00:00,OPEN,0,1200,6000,NATIVE_PHASE_SPECIFIC,0
338,2026-10-05T16:23:00+00:00,OPEN,0,1200,6000,NATIVE_PHASE_SPECIFIC,0
339,2026-10-05T16:23:30+00:00,OPEN,0,1200,6000,NATIVE_PHASE_SPECIFIC,0
340,2026-10-05T16:24:00+00:00,OPEN,0,1200,6000,NATIVE_PHASE_SPECIFIC,0
341,2026-10-05T16:24:30+00:00,OPEN,0,1200,6000,NATIVE_PHASE_SPECIFIC,0
342,2026-10-05T16:25:00+00:00,OPEN,0,1200,6000,NATIVE_PHASE_SPECIFIC,0
343,2026-10-05T16:25:30+00:00,OPEN,0,1200,6000,NATIVE_PHASE_SPECIFIC,0
344,2026-10-05T16:26:00+00:00,OPEN,0,1200,6000,NATIVE_PHASE_SPECIFIC,0
345,2026-10-05T16:26:30+00:00,OPEN,0,1200,6000,NATIVE_PHASE_SPECIFIC,0
346,2026-10-05T16:27:00+00:00,OPEN,0,1200,6000,NATIVE_PHASE_SPECIFIC,0
347,2026-10-05T16:27:30+00:00,OPEN,0,1200,6000,NATIVE_PHASE_SPECIFIC,0
348,2026-10-05T16:28:00+00:00,OPEN,0,1200,6000,NATIVE_PHASE_SPECIFIC,0
349,2026-10-05T16:28:30+00:00,OPEN,0,1200,6000,NATIVE_PHASE_SPECIFIC,0
350,2026-10-05T16:29:00+00:00,OPEN,0,1200,6000,NATIVE_PHASE_SPECIFIC,0
351,2026-10-05T16:29:30+00:00,OPEN,0,1200,6000,NATIVE_PHASE_SPECIFIC,0
352,2026-10-05T16:30:00+00:00,OPEN,1,1200,6000,NATIVE_PHASE_SPECIFIC,0
353,2026-10-05T16:30:30+00:00,OPEN,0,1200,6000,NATIVE_PHASE_SPECIFIC,0
354,2026-10-05T16:31:00+00:00,OPEN,0,1200,6000,NATIVE_PHASE_SPECIFIC,0
355,2026-10-05T16:31:30+00:00,OPEN,0,1200,6000,NATIVE_PHASE_SPECIFIC,0
356,2026-10-05T16:32:00+00:00,OPEN,0,1200,6000,NATIVE_PHASE_SPECIFIC,0
357,2026-10-05T16:32:30+00:00,OPEN,0,1200,6000,NATIVE_PHASE_SPECIFIC,0
358,2026-10-05T16:33:00+00:00,OPEN,0,1200,6000,NATIVE_PHASE_SPECIFIC,0
359,2026-10-05T16:33:30+00:00,OPEN,0,1200,6000,NATIVE_PHASE_SPECIFIC,0
360,2026-10-05T16:34:00+00:00,OPEN,0,1200,6000,NATIVE_PHASE_SPECIFIC,0
361,2026-10-05T16:34:30+00:00,OPEN,0,1200,6000,NATIVE_PHASE_SPECIFIC,0
362,2026-10-05T16:35:00+00:00,OPEN,0,1200,6000,NATIVE_PHASE_SPECIFIC,0
363,2026-10-05T16:35:30+00:00,OPEN,0,1200,6000,NATIVE_PHASE_SPECIFIC,0
364,2026-10-05T16:36:00+00:00,OPEN,0,1200,6000,NATIVE_PHASE_SPECIFIC,0
365,2026-10-05T16:36:30+00:00,OPEN,0,1200,6000,NATIVE_PHASE_SPECIFIC,0
366,2026-10-05T16:37:00+00:00,OPEN,0,1200,6000,NATIVE_PHASE_SPECIFIC,0
367,2026-10-05T16:37:30+00:00,OPEN,0,1200,6000,NATIVE_PHASE_SPECIFIC,0
368,2026-10-05T16:38:00+00:00,OPEN,0,1200,6000,NATIVE_PHASE_SPECIFIC,0
369,2026-10-05T16:38:30+00:00,OPEN,0,1200,6000,NATIVE_PHASE_SPECIFIC,0
370,2026-10-05T16:39:00+00:00,OPEN,0,1200,6000,NATIVE_PHASE_SPECIFIC,0
371,2026-10-05T16:39:30+00:00,OPEN,0,1200,6000,NATIVE_PHASE_SPECIFIC,0
372,2026-10-05T16:40:00+00:00,OPEN,0,1200,6000,NATIVE_PHASE_SPECIFIC,0
373,2026-10-05T16:40:30+00:00,OPEN,0,1200,6000,NATIVE_PHASE_SPECIFIC,0
374,2026-10-05T16:41:00+00:00,OPEN,0,1200,6000,NATIVE_PHASE_SPECIFIC,0
375,2026-10-05T16:41:30+00:00,OPEN,0,1200,6000,NATIVE_PHASE_SPECIFIC,0
376,2026-10-05T16:42:00+00:00,OPEN,0,1200,6000,NATIVE_PHASE_SPECIFIC,0
377,2026-10-05T16:42:30+00:00,OPEN,0,1200,6000,NATIVE_PHASE_SPECIFIC,0
378,2026-10-05T16:43:00+00:00,OPEN,0,1200,6000,NATIVE_PHASE_SPECIFIC,0
379,2026-10-05T16:43:30+00:00,OPEN,0,1200,6000,NATIVE_PHASE_SPECIFIC,0
380,2026-10-05T16:44:00+00:00,OPEN,0,1200,6000,NATIVE_PHASE_SPECIFIC,0
381,2026-10-05T16:44:30+00:00,OPEN,0,1200,6000,NATIVE_PHASE_SPECIFIC,0
382,2026-10-05T16:45:00+00:00,OPEN,0,1200,6000,NATIVE_PHASE_SPECIFIC,0
383,2026-10-05T16:45:30+00:00,OPEN,0,1200,6000,NATIVE_PHASE_SPECIFIC,0
384,2026-10-05T16:46:00+00:00,OPEN,1,1200,6000,NATIVE_PHASE_SPECIFIC,0
385,2026-10-05T16:46:30+00:00,OPEN,0,1200,6000,NATIVE_PHASE_SPECIFIC,0
386,2026-10-05T16:47:00+00:00,OPEN,0,1200,6000,NATIVE_PHASE_SPECIFIC,0
387,2026-10-05T16:47:30+00:00,OPEN,0,1200,6000,NATIVE_PHASE_SPECIFIC,0
388,2026-10-05T16:48:00+00:00,OPEN,0,1200,6000,NATIVE_PHASE_SPECIFIC,0
389,2026-10-05T16:48:30+00:00,OPEN,0,1200,6000,NATIVE_PHASE_SPECIFIC,0
390,2026-10-05T16:49:00+00:00,OPEN,0,1200,6000,NATIVE_PHASE_SPECIFIC,0
391,2026-10-05T16:49:30+00:00,OPEN,0,1200,6000,NATIVE_PHASE_SPECIFIC,0
392,2026-10-05T16:50:00+00:00,OPEN,0,1200,6000,NATIVE_PHASE_SPECIFIC,0
393,2026-10-05T16:50:30+00:00,OPEN,0,1200,6000,NATIVE_PHASE_SPECIFIC,0
394,2026-10-05T16:51:00+00:00,OPEN,0,1200,6000,NATIVE_PHASE_SPECIFIC,0
395,2026-10-05T16:51:30+00:00,OPEN,0,1200,6000,NATIVE_PHASE_SPECIFIC,0
396,2026-10-05T16:52:00+00:00,OPEN,0,1200,6000,NATIVE_PHASE_SPECIFIC,0
397,2026-10-05T16:52:30+00:00,OPEN,0,1200,6000,NATIVE_PHASE_SPECIFIC,0
398,2026-10-05T16:53:00+00:00,OPEN,0,1200,6000,NATIVE_PHASE_SPECIFIC,0
399,2026-10-05T16:53:30+00:00,OPEN,0,1200,6000,NATIVE_PHASE_SPECIFIC,0
400,2026-10-05T16:54:00+00:00,OPEN,0,1200,6000,NATIVE_PHASE_SPECIFIC,0
401,2026-10-05T16:54:30+00:00,OPEN,0,1200,6000,NATIVE_PHASE_SPECIFIC,0
402,2026-10-05T16:55:00+00:00,OPEN,0,1200,6000,NATIVE_PHASE_SPECIFIC,0
403,2026-10-05T16:55:30+00:00,OPEN,0,1200,6000,NATIVE_PHASE_SPECIFIC,0
404,2026-10-05T16:56:00+00:00,OPEN,0,1200,6000,NATIVE_PHASE_SPECIFIC,0
405,2026-10-05T16:56:30+00:00,OPEN,0,1200,6000,NATIVE_PHASE_SPECIFIC,0
406,2026-10-05T16:57:00+00:00,OPEN,0,1200,6000,NATIVE_PHASE_SPECIFIC,0
407,2026-10-05T16:57:30+00:00,OPEN,0,1200,6000,NATIVE_PHASE_SPECIFIC,0
408,2026-10-05T16:58:00+00:00,OPEN,0,1200,6000,NATIVE_PHASE_SPECIFIC,0
409,2026-10-05T16:58:30+00:00,OPEN,0,1200,6000,NATIVE_PHASE_SPECIFIC,0
410,2026-10-05T16:59:00+00:00,OPEN,0,1200,6000,NATIVE_PHASE_SPECIFIC,0
411,2026-10-05T16:59:30+00:00,OPEN,0,1200,6000,NATIVE_PHASE_SPECIFIC,0
412,2026-10-05T17:00:00+00:00,OPEN,0,1200,6000,NATIVE_PHASE_SPECIFIC,0
413,2026-10-05T17:00:30+00:00,OPEN,0,1200,6000,NATIVE_PHASE_SPECIFIC,0
414,2026-10-05T17:01:00+00:00,OPEN,0,1200,6000,NATIVE_PHASE_SPECIFIC,0
415,2026-10-05T17:01:30+00:00,OPEN,0,1200,6000,NATIVE_PHASE_SPECIFIC,0
416,2026-10-05T17:02:00+00:00,OPEN,1,1200,6000,NATIVE_PHASE_SPECIFIC,0
417,2026-10-05T17:02:30+00:00,OPEN,0,1200,6000,NATIVE_PHASE_SPECIFIC,0
418,2026-10-05T17:03:00+00:00,OPEN,0,1200,6000,NATIVE_PHASE_SPECIFIC,0
419,2026-10-05T17:03:30+00:00,OPEN,0,1200,6000,NATIVE_PHASE_SPECIFIC,0
420,2026-10-05T17:04:00+00:00,OPEN,0,1200,6000,NATIVE_PHASE_SPECIFIC,0
421,2026-10-05T17:04:30+00:00,OPEN,0,1200,6000,NATIVE_PHASE_SPECIFIC,0
422,2026-10-05T17:05:00+00:00,OPEN,0,1200,6000,NATIVE_PHASE_SPECIFIC,0
423,2026-10-05T17:05:30+00:00,OPEN,0,1200,6000,NATIVE_PHASE_SPECIFIC,0
424,2026-10-05T17:06:00+00:00,OPEN,0,1200,6000,NATIVE_PHASE_SPECIFIC,0
425,2026-10-05T17:06:30+00:00,OPEN,0,1200,6000,NATIVE_PHASE_SPECIFIC,0
426,2026-10-05T17:07:00+00:00,OPEN,0,1200,6000,NATIVE_PHASE_SPECIFIC,0
427,2026-10-05T17:07:30+00:00,OPEN,0,1200,6000,NATIVE_PHASE_SPECIFIC,0
428,2026-10-05T17:08:00+00:00,OPEN,0,1200,6000,NATIVE_PHASE_SPECIFIC,0
429,2026-10-05T17:08:30+00:00,OPEN,0,1200,6000,NATIVE_PHASE_SPECIFIC,0
430,2026-10-05T17:09:00+00:00,OPEN,0,1200,6000,NATIVE_PHASE_SPECIFIC,0
431,2026-10-05T17:09:30+00:00,OPEN,0,1200,6000,NATIVE_PHASE_SPECIFIC,0
432,2026-10-05T17:10:00+00:00,OPEN,0,1200,6000,NATIVE_PHASE_SPECIFIC,0
433,2026-10-05T17:10:30+00:00,OPEN,0,1200,6000,NATIVE_PHASE_SPECIFIC,0
434,2026-10-05T17:11:00+00:00,OPEN,0,1200,6000,NATIVE_PHASE_SPECIFIC,0
435,2026-10-05T17:11:30+00:00,OPEN,0,1200,6000,NATIVE_PHASE_SPECIFIC,0
436,2026-10-05T17:12:00+00:00,OPEN,0,1200,6000,NATIVE_PHASE_SPECIFIC,0
437,2026-10-05T17:12:30+00:00,OPEN,0,1200,6000,NATIVE_PHASE_SPECIFIC,0
438,2026-10-05T17:13:00+00:00,OPEN,0,1200,6000,NATIVE_PHASE_SPECIFIC,0
439,2026-10-05T17:13:30+00:00,OPEN,0,1200,6000,NATIVE_PHASE_SPECIFIC,0
440,2026-10-05T17:14:00+00:00,OPEN,0,1200,6000,NATIVE_PHASE_SPECIFIC,0
441,2026-10-05T17:14:30+00:00,OPEN,0,1200,6000,NATIVE_PHASE_SPECIFIC,0
442,2026-10-05T17:15:00+00:00,OPEN,0,1200,6000,NATIVE_PHASE_SPECIFIC,0
443,2026-10-05T17:15:30+00:00,OPEN,0,1200,6000,NATIVE_PHASE_SPECIFIC,0
444,2026-10-05T17:16:00+00:00,OPEN,0,1200,6000,NATIVE_PHASE_SPECIFIC,0
445,2026-10-05T17:16:30+00:00,OPEN,0,1200,6000,NATIVE_PHASE_SPECIFIC,0
446,2026-10-05T17:17:00+00:00,OPEN,0,1200,6000,NATIVE_PHASE_SPECIFIC,0
447,2026-10-05T17:17:30+00:00,OPEN,0,1200,6000,NATIVE_PHASE_SPECIFIC,0
448,2026-10-05T17:18:00+00:00,OPEN,1,1200,6000,NATIVE_PHASE_SPECIFIC,0
449,2026-10-05T17:18:30+00:00,OPEN,0,1200,6000,NATIVE_PHASE_SPECIFIC,0
450,2026-10-05T17:19:00+00:00,OPEN,0,1200,6000,NATIVE_PHASE_SPECIFIC,0
451,2026-10-05T17:19:30+00:00,OPEN,0,1200,6000,NATIVE_PHASE_SPECIFIC,0
452,2026-10-05T17:20:00+00:00,OPEN,0,1200,6000,NATIVE_PHASE_SPECIFIC,0
453,2026-10-05T17:20:30+00:00,OPEN,0,1200,6000,NATIVE_PHASE_SPECIFIC,0
454,2026-10-05T17:21:00+00:00,OPEN,0,1200,6000,NATIVE_PHASE_SPECIFIC,0
455,2026-10-05T17:21:30+00:00,OPEN,0,1200,6000,NATIVE_PHASE_SPECIFIC,0
456,2026-10-05T17:22:00+00:00,OPEN,0,1200,6000,NATIVE_PHASE_SPECIFIC,0
457,2026-10-05T17:22:30+00:00,OPEN,0,1200,6000,NATIVE_PHASE_SPECIFIC,0
458,2026-10-05T17:23:00+00:00,OPEN,0,1200,6000,NATIVE_PHASE_SPECIFIC,0
459,2026-10-05T17:23:30+00:00,OPEN,0,1200,6000,NATIVE_PHASE_SPECIFIC,0
460,2026-10-05T17:24:00+00:00,OPEN,0,1200,6000,NATIVE_PHASE_SPECIFIC,0
461,2026-10-05T17:24:30+00:00,OPEN,0,1200,6000,NATIVE_PHASE_SPECIFIC,0
462,2026-10-05T17:25:00+00:00,OPEN,0,1200,6000,NATIVE_PHASE_SPECIFIC,0
463,2026-10-05T17:25:30+00:00,OPEN,0,1200,6000,NATIVE_PHASE_SPECIFIC,0
464,2026-10-05T17:26:00+00:00,OPEN,0,1200,6000,NATIVE_PHASE_SPECIFIC,0
465,2026-10-05T17:26:30+00:00,OPEN,0,1200,6000,NATIVE_PHASE_SPECIFIC,0
466,2026-10-05T17:27:00+00:00,OPEN,0,1200,6000,NATIVE_PHASE_SPECIFIC,0
467,2026-10-05T17:27:30+00:00,OPEN,0,1200,6000,NATIVE_PHASE_SPECIFIC,0
468,2026-10-05T17:28:00+00:00,OPEN,0,1200,6000,NATIVE_PHASE_SPECIFIC,0
469,2026-10-05T17:28:30+00:00,OPEN,0,1200,6000,NATIVE_PHASE_SPECIFIC,0
470,2026-10-05T17:29:00+00:00,OPEN,0,1200,6000,NATIVE_PHASE_SPECIFIC,0
471,2026-10-05T17:29:30+00:00,OPEN,0,1200,6000,NATIVE_PHASE_SPECIFIC,0
472,2026-10-05T17:30:00+00:00,OPEN,0,1200,6000,NATIVE_PHASE_SPECIFIC,0
473,2026-10-05T17:30:30+00:00,OPEN,0,1200,6000,NATIVE_PHASE_SPECIFIC,0
474,2026-10-05T17:31:00+00:00,OPEN,0,1200,6000,NATIVE_PHASE_SPECIFIC,0
475,2026-10-05T17:31:30+00:00,OPEN,0,1200,6000,NATIVE_PHASE_SPECIFIC,0
476,2026-10-05T17:32:00+00:00,OPEN,0,1200,6000,NATIVE_PHASE_SPECIFIC,0
477,2026-10-05T17:32:30+00:00,OPEN,0,1200,6000,NATIVE_PHASE_SPECIFIC,0
478,2026-10-05T17:33:00+00:00,OPEN,0,1200,6000,NATIVE_PHASE_SPECIFIC,0
479,2026-10-05T17:33:30+00:00,OPEN,0,1200,6000,NATIVE_PHASE_SPECIFIC,0
480,2026-10-05T17:34:00+00:00,OPEN,1,1200,6000,NATIVE_PHASE_SPECIFIC,0
481,2026-10-05T17:34:30+00:00,OPEN,0,1200,6000,NATIVE_PHASE_SPECIFIC,0
482,2026-10-05T17:35:00+00:00,OPEN,0,1200,6000,NATIVE_PHASE_SPECIFIC,0
483,2026-10-05T17:35:30+00:00,OPEN,0,1200,6000,NATIVE_PHASE_SPECIFIC,0
484,2026-10-05T17:36:00+00:00,OPEN,0,1200,6000,NATIVE_PHASE_SPECIFIC,0
485,2026-10-05T17:36:30+00:00,OPEN,0,1200,6000,NATIVE_PHASE_SPECIFIC,0
486,2026-10-05T17:37:00+00:00,OPEN,0,1200,6000,NATIVE_PHASE_SPECIFIC,0
487,2026-10-05T17:37:30+00:00,OPEN,0,1200,6000,NATIVE_PHASE_SPECIFIC,0
488,2026-10-05T17:38:00+00:00,OPEN,0,1200,6000,NATIVE_PHASE_SPECIFIC,0
489,2026-10-05T17:38:30+00:00,OPEN,0,1200,6000,NATIVE_PHASE_SPECIFIC,0
490,2026-10-05T17:39:00+00:00,OPEN,0,1200,6000,NATIVE_PHASE_SPECIFIC,0
491,2026-10-05T17:39:30+00:00,OPEN,0,1200,6000,NATIVE_PHASE_SPECIFIC,0
492,2026-10-05T17:40:00+00:00,OPEN,0,1200,6000,NATIVE_PHASE_SPECIFIC,0
493,2026-10-05T17:40:30+00:00,OPEN,0,1200,6000,NATIVE_PHASE_SPECIFIC,0
494,2026-10-05T17:41:00+00:00,OPEN,0,1200,6000,NATIVE_PHASE_SPECIFIC,0
495,2026-10-05T17:41:30+00:00,OPEN,0,1200,6000,NATIVE_PHASE_SPECIFIC,0
496,2026-10-05T17:42:00+00:00,OPEN,0,1200,6000,NATIVE_PHASE_SPECIFIC,0
497,2026-10-05T17:42:30+00:00,OPEN,0,1200,6000,NATIVE_PHASE_SPECIFIC,0
498,2026-10-05T17:43:00+00:00,OPEN,0,1200,6000,NATIVE_PHASE_SPECIFIC,0
499,2026-10-05T17:43:30+00:00,OPEN,0,1200,6000,NATIVE_PHASE_SPECIFIC,0
500,2026-10-05T17:44:00+00:00,OPEN,0,1200,6000,NATIVE_PHASE_SPECIFIC,0
501,2026-10-05T17:44:30+00:00,OPEN,0,1200,6000,NATIVE_PHASE_SPECIFIC,0
502,2026-10-05T17:45:00+00:00,OPEN,0,1200,6000,NATIVE_PHASE_SPECIFIC,0
503,2026-10-05T17:45:30+00:00,OPEN,0,1200,6000,NATIVE_PHASE_SPECIFIC,0
504,2026-10-05T17:46:00+00:00,OPEN,0,1200,6000,NATIVE_PHASE_SPECIFIC,0
505,2026-10-05T17:46:30+00:00,OPEN,0,1200,6000,NATIVE_PHASE_SPECIFIC,0
506,2026-10-05T17:47:00+00:00,OPEN,0,1200,6000,NATIVE_PHASE_SPECIFIC,0
507,2026-10-05T17:47:30+00:00,OPEN,0,1200,6000,NATIVE_PHASE_SPECIFIC,0
508,2026-10-05T17:48:00+00:00,OPEN,0,1200,6000,NATIVE_PHASE_SPECIFIC,0
509,2026-10-05T17:48:30+00:00,OPEN,0,1200,6000,NATIVE_PHASE_SPECIFIC,0
510,2026-10-05T17:49:00+00:00,OPEN,0,1200,6000,NATIVE_PHASE_SPECIFIC,0
511,2026-10-05T17:49:30+00:00,OPEN,0,1200,6000,NATIVE_PHASE_SPECIFIC,0
512,2026-10-05T17:50:00+00:00,OPEN,1,1200,6000,NATIVE_PHASE_SPECIFIC,0
513,2026-10-05T17:50:30+00:00,OPEN,0,1200,6000,NATIVE_PHASE_SPECIFIC,0
514,2026-10-05T17:51:00+00:00,OPEN,0,1200,6000,NATIVE_PHASE_SPECIFIC,0
515,2026-10-05T17:51:30+00:00,OPEN,0,1200,6000,NATIVE_PHASE_SPECIFIC,0
516,2026-10-05T17:52:00+00:00,OPEN,0,1200,6000,NATIVE_PHASE_SPECIFIC,0
517,2026-10-05T17:52:30+00:00,OPEN,0,1200,6000,NATIVE_PHASE_SPECIFIC,0
518,2026-10-05T17:53:00+00:00,OPEN,0,1200,6000,NATIVE_PHASE_SPECIFIC,0
519,2026-10-05T17:53:30+00:00,OPEN,0,1200,6000,NATIVE_PHASE_SPECIFIC,0
520,2026-10-05T17:54:00+00:00,OPEN,0,1200,6000,NATIVE_PHASE_SPECIFIC,0
521,2026-10-05T17:54:30+00:00,OPEN,0,1200,6000,NATIVE_PHASE_SPECIFIC,0
522,2026-10-05T17:55:00+00:00,OPEN,0,1200,6000,NATIVE_PHASE_SPECIFIC,0
523,2026-10-05T17:55:30+00:00,OPEN,0,1200,6000,NATIVE_PHASE_SPECIFIC,0
524,2026-10-05T17:56:00+00:00,OPEN,0,1200,6000,NATIVE_PHASE_SPECIFIC,0
525,2026-10-05T17:56:30+00:00,OPEN,0,1200,6000,NATIVE_PHASE_SPECIFIC,0
526,2026-10-05T17:57:00+00:00,OPEN,0,1200,6000,NATIVE_PHASE_SPECIFIC,0
527,2026-10-05T17:57:30+00:00,OPEN,0,1200,6000,NATIVE_PHASE_SPECIFIC,0
528,2026-10-05T17:58:00+00:00,OPEN,0,1200,6000,NATIVE_PHASE_SPECIFIC,0
529,2026-10-05T17:58:30+00:00,OPEN,0,1200,6000,NATIVE_PHASE_SPECIFIC,0
530,2026-10-05T17:59:00+00:00,OPEN,0,1200,6000,NATIVE_PHASE_SPECIFIC,0
531,2026-10-05T17:59:30+00:00,OPEN,0,1200,6000,NATIVE_PHASE_SPECIFIC,0
532,2026-10-05T18:00:00+00:00,OPEN,0,1200,6000,NATIVE_PHASE_SPECIFIC,0
533,2026-10-05T18:00:30+00:00,OPEN,0,1200,6000,NATIVE_PHASE_SPECIFIC,0
534,2026-10-05T18:01:00+00:00,OPEN,0,1200,6000,NATIVE_PHASE_SPECIFIC,0
535,2026-10-05T18:01:30+00:00,OPEN,0,1200,6000,NATIVE_PHASE_SPECIFIC,0
536,2026-10-05T18:02:00+00:00,OPEN,0,1200,6000,NATIVE_PHASE_SPECIFIC,0
537,2026-10-05T18:02:30+00:00,OPEN,0,1200,6000,NATIVE_PHASE_SPECIFIC,0
538,2026-10-05T18:03:00+00:00,OPEN,0,1200,6000,NATIVE_PHASE_SPECIFIC,0
539,2026-10-05T18:03:30+00:00,OPEN,0,1200,6000,NATIVE_PHASE_SPECIFIC,0
540,2026-10-05T18:04:00+00:00,OPEN,0,1200,6000,NATIVE_PHASE_SPECIFIC,0
541,2026-10-05T18:04:30+00:00,OPEN,0,1200,6000,NATIVE_PHASE_SPECIFIC,0
542,2026-10-05T18:05:00+00:00,OPEN,0,1200,6000,NATIVE_PHASE_SPECIFIC,0
543,2026-10-05T18:05:30+00:00,OPEN,0,1200,6000,NATIVE_PHASE_SPECIFIC,0
544,2026-10-05T18:06:00+00:00,OPEN,1,1200,6000,NATIVE_PHASE_SPECIFIC,0
545,2026-10-05T18:06:30+00:00,OPEN,0,1200,6000,NATIVE_PHASE_SPECIFIC,0
546,2026-10-05T18:07:00+00:00,OPEN,0,1200,6000,NATIVE_PHASE_SPECIFIC,0
547,2026-10-05T18:07:30+00:00,OPEN,0,1200,6000,NATIVE_PHASE_SPECIFIC,0
548,2026-10-05T18:08:00+00:00,OPEN,0,1200,6000,NATIVE_PHASE_SPECIFIC,0
549,2026-10-05T18:08:30+00:00,OPEN,0,1200,6000,NATIVE_PHASE_SPECIFIC,0
550,2026-10-05T18:09:00+00:00,OPEN,0,1200,6000,NATIVE_PHASE_SPECIFIC,0
551,2026-10-05T18:09:30+00:00,OPEN,0,1200,6000,NATIVE_PHASE_SPECIFIC,0
552,2026-10-05T18:10:00+00:00,OPEN,0,1200,6000,NATIVE_PHASE_SPECIFIC,0
553,2026-10-05T18:10:30+00:00,OPEN,0,1200,6000,NATIVE_PHASE_SPECIFIC,0
554,2026-10-05T18:11:00+00:00,OPEN,0,1200,6000,NATIVE_PHASE_SPECIFIC,0
555,2026-10-05T18:11:30+00:00,OPEN,0,1200,6000,NATIVE_PHASE_SPECIFIC,0
556,2026-10-05T18:12:00+00:00,OPEN,0,1200,6000,NATIVE_PHASE_SPECIFIC,0
557,2026-10-05T18:12:30+00:00,OPEN,0,1200,6000,NATIVE_PHASE_SPECIFIC,0
558,2026-10-05T18:13:00+00:00,OPEN,0,1200,6000,NATIVE_PHASE_SPECIFIC,0
559,2026-10-05T18:13:30+00:00,OPEN,0,1200,6000,NATIVE_PHASE_SPECIFIC,0
560,2026-10-05T18:14:00+00:00,OPEN,0,1200,6000,NATIVE_PHASE_SPECIFIC,0
561,2026-10-05T18:14:30+00:00,OPEN,0,1200,6000,NATIVE_PHASE_SPECIFIC,0
562,2026-10-05T18:15:00+00:00,OPEN,0,1200,6000,NATIVE_PHASE_SPECIFIC,0
563,2026-10-05T18:15:30+00:00,OPEN,0,1200,6000,NATIVE_PHASE_SPECIFIC,0
564,2026-10-05T18:16:00+00:00,OPEN,0,1200,6000,NATIVE_PHASE_SPECIFIC,0
565,2026-10-05T18:16:30+00:00,OPEN,0,1200,6000,NATIVE_PHASE_SPECIFIC,0
566,2026-10-05T18:17:00+00:00,OPEN,0,1200,6000,NATIVE_PHASE_SPECIFIC,0
567,2026-10-05T18:17:30+00:00,OPEN,0,1200,6000,NATIVE_PHASE_SPECIFIC,0
568,2026-10-05T18:18:00+00:00,OPEN,0,1200,6000,NATIVE_PHASE_SPECIFIC,0
569,2026-10-05T18:18:30+00:00,OPEN,0,1200,6000,NATIVE_PHASE_SPECIFIC,0
570,2026-10-05T18:19:00+00:00,OPEN,0,1200,6000,NATIVE_PHASE_SPECIFIC,0
571,2026-10-05T18:19:30+00:00,OPEN,0,1200,6000,NATIVE_PHASE_SPECIFIC,0
572,2026-10-05T18:20:00+00:00,OPEN,0,1200,6000,NATIVE_PHASE_SPECIFIC,0
573,2026-10-05T18:20:30+00:00,OPEN,0,1200,6000,NATIVE_PHASE_SPECIFIC,0
574,2026-10-05T18:21:00+00:00,OPEN,0,1200,6000,NATIVE_PHASE_SPECIFIC,0
575,2026-10-05T18:21:30+00:00,OPEN,0,1200,6000,NATIVE_PHASE_SPECIFIC,0
576,2026-10-05T18:22:00+00:00,OPEN,1,1200,6000,NATIVE_PHASE_SPECIFIC,0
577,2026-10-05T18:22:30+00:00,OPEN,0,1200,6000,NATIVE_PHASE_SPECIFIC,0
578,2026-10-05T18:23:00+00:00,OPEN,0,1200,6000,NATIVE_PHASE_SPECIFIC,0
579,2026-10-05T18:23:30+00:00,OPEN,0,1200,6000,NATIVE_PHASE_SPECIFIC,0
580,2026-10-05T18:24:00+00:00,OPEN,0,1200,6000,NATIVE_PHASE_SPECIFIC,0
581,2026-10-05T18:24:30+00:00,OPEN,0,1200,6000,NATIVE_PHASE_SPECIFIC,0
582,2026-10-05T18:25:00+00:00,OPEN,0,1200,6000,NATIVE_PHASE_SPECIFIC,0
583,2026-10-05T18:25:30+00:00,OPEN,0,1200,6000,NATIVE_PHASE_SPECIFIC,0
584,2026-10-05T18:26:00+00:00,OPEN,0,1200,6000,NATIVE_PHASE_SPECIFIC,0
585,2026-10-05T18:26:30+00:00,OPEN,0,1200,6000,NATIVE_PHASE_SPECIFIC,0
586,2026-10-05T18:27:00+00:00,OPEN,0,1200,6000,NATIVE_PHASE_SPECIFIC,0
587,2026-10-05T18:27:30+00:00,OPEN,0,1200,6000,NATIVE_PHASE_SPECIFIC,0
588,2026-10-05T18:28:00+00:00,OPEN,0,1200,6000,NATIVE_PHASE_SPECIFIC,0
589,2026-10-05T18:28:30+00:00,OPEN,0,1200,6000,NATIVE_PHASE_SPECIFIC,0
590,2026-10-05T18:29:00+00:00,OPEN,0,1200,6000,NATIVE_PHASE_SPECIFIC,0
591,2026-10-05T18:29:30+00:00,OPEN,0,1200,6000,NATIVE_PHASE_SPECIFIC,0
592,2026-10-05T18:30:00+00:00,OPEN,0,1200,6000,NATIVE_PHASE_SPECIFIC,0
593,2026-10-05T18:30:30+00:00,OPEN,0,1200,6000,NATIVE_PHASE_SPECIFIC,0
594,2026-10-05T18:31:00+00:00,OPEN,0,1200,6000,NATIVE_PHASE_SPECIFIC,0
595,2026-10-05T18:31:30+00:00,OPEN,0,1200,6000,NATIVE_PHASE_SPECIFIC,0
596,2026-10-05T18:32:00+00:00,OPEN,0,1200,6000,NATIVE_PHASE_SPECIFIC,0
597,2026-10-05T18:32:30+00:00,OPEN,0,1200,6000,NATIVE_PHASE_SPECIFIC,0
598,2026-10-05T18:33:00+00:00,OPEN,0,1200,6000,NATIVE_PHASE_SPECIFIC,0
599,2026-10-05T18:33:30+00:00,OPEN,0,1200,6000,NATIVE_PHASE_SPECIFIC,0
600,2026-10-05T18:34:00+00:00,OPEN,0,1200,6000,NATIVE_PHASE_SPECIFIC,0
601,2026-10-05T18:34:30+00:00,OPEN,0,1200,6000,NATIVE_PHASE_SPECIFIC,0
602,2026-10-05T18:35:00+00:00,OPEN,0,1200,6000,NATIVE_PHASE_SPECIFIC,0
603,2026-10-05T18:35:30+00:00,OPEN,0,1200,6000,NATIVE_PHASE_SPECIFIC,0
604,2026-10-05T18:36:00+00:00,OPEN,0,1200,6000,NATIVE_PHASE_SPECIFIC,0
605,2026-10-05T18:36:30+00:00,OPEN,0,1200,6000,NATIVE_PHASE_SPECIFIC,0
606,2026-10-05T18:37:00+00:00,OPEN,0,1200,6000,NATIVE_PHASE_SPECIFIC,0
607,2026-10-05T18:37:30+00:00,OPEN,0,1200,6000,NATIVE_PHASE_SPECIFIC,0
608,2026-10-05T18:38:00+00:00,OPEN,1,1200,6000,NATIVE_PHASE_SPECIFIC,0
609,2026-10-05T18:38:30+00:00,OPEN,0,1200,6000,NATIVE_PHASE_SPECIFIC,0
610,2026-10-05T18:39:00+00:00,OPEN,0,1200,6000,NATIVE_PHASE_SPECIFIC,0
611,2026-10-05T18:39:30+00:00,OPEN,0,1200,6000,NATIVE_PHASE_SPECIFIC,0
612,2026-10-05T18:40:00+00:00,OPEN,0,1200,6000,NATIVE_PHASE_SPECIFIC,0
613,2026-10-05T18:40:30+00:00,OPEN,0,1200,6000,NATIVE_PHASE_SPECIFIC,0
614,2026-10-05T18:41:00+00:00,OPEN,0,1200,6000,NATIVE_PHASE_SPECIFIC,0
615,2026-10-05T18:41:30+00:00,OPEN,0,1200,6000,NATIVE_PHASE_SPECIFIC,0
616,2026-10-05T18:42:00+00:00,OPEN,0,1200,6000,NATIVE_PHASE_SPECIFIC,0
617,2026-10-05T18:42:30+00:00,OPEN,0,1200,6000,NATIVE_PHASE_SPECIFIC,0
618,2026-10-05T18:43:00+00:00,OPEN,0,1200,6000,NATIVE_PHASE_SPECIFIC,0
619,2026-10-05T18:43:30+00:00,OPEN,0,1200,6000,NATIVE_PHASE_SPECIFIC,0
620,2026-10-05T18:44:00+00:00,OPEN,0,1200,6000,NATIVE_PHASE_SPECIFIC,0
621,2026-10-05T18:44:30+00:00,OPEN,0,1200,6000,NATIVE_PHASE_SPECIFIC,0
622,2026-10-05T18:45:00+00:00,OPEN,0,1200,6000,NATIVE_PHASE_SPECIFIC,0
623,2026-10-05T18:45:30+00:00,OPEN,0,1200,6000,NATIVE_PHASE_SPECIFIC,0
624,2026-10-05T18:46:00+00:00,OPEN,0,1200,6000,NATIVE_PHASE_SPECIFIC,0
625,2026-10-05T18:46:30+00:00,OPEN,0,1200,6000,NATIVE_PHASE_SPECIFIC,0
626,2026-10-05T18:47:00+00:00,OPEN,0,1200,6000,NATIVE_PHASE_SPECIFIC,0
627,2026-10-05T18:47:30+00:00,OPEN,0,1200,6000,NATIVE_PHASE_SPECIFIC,0
628,2026-10-05T18:48:00+00:00,OPEN,0,1200,6000,NATIVE_PHASE_SPECIFIC,0
629,2026-10-05T18:48:30+00:00,OPEN,0,1200,6000,NATIVE_PHASE_SPECIFIC,0
630,2026-10-05T18:49:00+00:00,OPEN,0,1200,6000,NATIVE_PHASE_SPECIFIC,0
631,2026-10-05T18:49:30+00:00,OPEN,0,1200,6000,NATIVE_PHASE_SPECIFIC,0
632,2026-10-05T18:50:00+00:00,OPEN,0,1200,6000,NATIVE_PHASE_SPECIFIC,0
633,2026-10-05T18:50:30+00:00,OPEN,0,1200,6000,NATIVE_PHASE_SPECIFIC,0
634,2026-10-05T18:51:00+00:00,OPEN,0,1200,6000,NATIVE_PHASE_SPECIFIC,0
635,2026-10-05T18:51:30+00:00,OPEN,0,1200,6000,NATIVE_PHASE_SPECIFIC,0
636,2026-10-05T18:52:00+00:00,OPEN,0,1200,6000,NATIVE_PHASE_SPECIFIC,0
637,2026-10-05T18:52:30+00:00,OPEN,0,1200,6000,NATIVE_PHASE_SPECIFIC,0
638,2026-10-05T18:53:00+00:00,OPEN,0,1200,6000,NATIVE_PHASE_SPECIFIC,0
639,2026-10-05T18:53:30+00:00,OPEN,0,1200,6000,NATIVE_PHASE_SPECIFIC,0
640,2026-10-05T18:54:00+00:00,OPEN,1,1200,6000,NATIVE_PHASE_SPECIFIC,0
641,2026-10-05T18:54:30+00:00,OPEN,0,1200,6000,NATIVE_PHASE_SPECIFIC,0
642,2026-10-05T18:55:00+00:00,OPEN,0,1200,6000,NATIVE_PHASE_SPECIFIC,0
643,2026-10-05T18:55:30+00:00,OPEN,0,1200,6000,NATIVE_PHASE_SPECIFIC,0
644,2026-10-05T18:56:00+00:00,OPEN,0,1200,6000,NATIVE_PHASE_SPECIFIC,0
645,2026-10-05T18:56:30+00:00,OPEN,0,1200,6000,NATIVE_PHASE_SPECIFIC,0
646,2026-10-05T18:57:00+00:00,OPEN,0,1200,6000,NATIVE_PHASE_SPECIFIC,0
647,2026-10-05T18:57:30+00:00,OPEN,0,1200,6000,NATIVE_PHASE_SPECIFIC,0
648,2026-10-05T18:58:00+00:00,OPEN,0,1200,6000,NATIVE_PHASE_SPECIFIC,0
649,2026-10-05T18:58:30+00:00,OPEN,0,1200,6000,NATIVE_PHASE_SPECIFIC,0
650,2026-10-05T18:59:00+00:00,OPEN,0,1200,6000,NATIVE_PHASE_SPECIFIC,0
651,2026-10-05T18:59:30+00:00,OPEN,0,1200,6000,NATIVE_PHASE_SPECIFIC,0
652,2026-10-05T19:00:00+00:00,OPEN,0,1200,6000,NATIVE_PHASE_SPECIFIC,0
653,2026-10-05T19:00:30+00:00,OPEN,0,1200,6000,NATIVE_PHASE_SPECIFIC,0
654,2026-10-05T19:01:00+00:00,OPEN,0,1200,6000,NATIVE_PHASE_SPECIFIC,0
655,2026-10-05T19:01:30+00:00,OPEN,0,1200,6000,NATIVE_PHASE_SPECIFIC,0
656,2026-10-05T19:02:00+00:00,OPEN,0,1200,6000,NATIVE_PHASE_SPECIFIC,0
657,2026-10-05T19:02:30+00:00,OPEN,0,1200,6000,NATIVE_PHASE_SPECIFIC,0
658,2026-10-05T19:03:00+00:00,OPEN,0,1200,6000,NATIVE_PHASE_SPECIFIC,0
659,2026-10-05T19:03:30+00:00,OPEN,0,1200,6000,NATIVE_PHASE_SPECIFIC,0
660,2026-10-05T19:04:00+00:00,OPEN,0,1200,6000,NATIVE_PHASE_SPECIFIC,0
661,2026-10-05T19:04:30+00:00,OPEN,0,1200,6000,NATIVE_PHASE_SPECIFIC,0
662,2026-10-05T19:05:00+00:00,OPEN,0,1200,6000,NATIVE_PHASE_SPECIFIC,0
663,2026-10-05T19:05:30+00:00,OPEN,0,1200,6000,NATIVE_PHASE_SPECIFIC,0
664,2026-10-05T19:06:00+00:00,OPEN,0,1200,6000,NATIVE_PHASE_SPECIFIC,0
665,2026-10-05T19:06:30+00:00,OPEN,0,1200,6000,NATIVE_PHASE_SPECIFIC,0
666,2026-10-05T19:07:00+00:00,OPEN,0,1200,6000,NATIVE_PHASE_SPECIFIC,0
667,2026-10-05T19:07:30+00:00,OPEN,0,1200,6000,NATIVE_PHASE_SPECIFIC,0
668,2026-10-05T19:08:00+00:00,OPEN,0,1200,6000,NATIVE_PHASE_SPECIFIC,0
669,2026-10-05T19:08:30+00:00,OPEN,0,1200,6000,NATIVE_PHASE_SPECIFIC,0
670,2026-10-05T19:09:00+00:00,OPEN,0,1200,6000,NATIVE_PHASE_SPECIFIC,0
671,2026-10-05T19:09:30+00:00,OPEN,0,1200,6000,NATIVE_PHASE_SPECIFIC,0
672,2026-10-05T19:10:00+00:00,OPEN,1,1200,6000,NATIVE_PHASE_SPECIFIC,0
673,2026-10-05T19:10:30+00:00,OPEN,0,1200,6000,NATIVE_PHASE_SPECIFIC,0
674,2026-10-05T19:11:00+00:00,OPEN,0,1200,6000,NATIVE_PHASE_SPECIFIC,0
675,2026-10-05T19:11:30+00:00,OPEN,0,1200,6000,NATIVE_PHASE_SPECIFIC,0
676,2026-10-05T19:12:00+00:00,OPEN,0,1200,6000,NATIVE_PHASE_SPECIFIC,0
677,2026-10-05T19:12:30+00:00,OPEN,0,1200,6000,NATIVE_PHASE_SPECIFIC,0
678,2026-10-05T19:13:00+00:00,OPEN,0,1200,6000,NATIVE_PHASE_SPECIFIC,0
679,2026-10-05T19:13:30+00:00,OPEN,0,1200,6000,NATIVE_PHASE_SPECIFIC,0
680,2026-10-05T19:14:00+00:00,OPEN,0,1200,6000,NATIVE_PHASE_SPECIFIC,0
681,2026-10-05T19:14:30+00:00,OPEN,0,1200,6000,NATIVE_PHASE_SPECIFIC,0
682,2026-10-05T19:15:00+00:00,OPEN,0,1200,6000,NATIVE_PHASE_SPECIFIC,0
683,2026-10-05T19:15:30+00:00,OPEN,0,1200,6000,NATIVE_PHASE_SPECIFIC,0
684,2026-10-05T19:16:00+00:00,OPEN,0,1200,6000,NATIVE_PHASE_SPECIFIC,0
685,2026-10-05T19:16:30+00:00,OPEN,0,1200,6000,NATIVE_PHASE_SPECIFIC,0
686,2026-10-05T19:17:00+00:00,OPEN,0,1200,6000,NATIVE_PHASE_SPECIFIC,0
687,2026-10-05T19:17:30+00:00,OPEN,0,1200,6000,NATIVE_PHASE_SPECIFIC,0
688,2026-10-05T19:18:00+00:00,OPEN,0,1200,6000,NATIVE_PHASE_SPECIFIC,0
689,2026-10-05T19:18:30+00:00,OPEN,0,1200,6000,NATIVE_PHASE_SPECIFIC,0
690,2026-10-05T19:19:00+00:00,OPEN,0,1200,6000,NATIVE_PHASE_SPECIFIC,0
691,2026-10-05T19:19:30+00:00,OPEN,0,1200,6000,NATIVE_PHASE_SPECIFIC,0
692,2026-10-05T19:20:00+00:00,OPEN,0,1200,6000,NATIVE_PHASE_SPECIFIC,0
693,2026-10-05T19:20:30+00:00,OPEN,0,1200,6000,NATIVE_PHASE_SPECIFIC,0
694,2026-10-05T19:21:00+00:00,OPEN,0,1200,6000,NATIVE_PHASE_SPECIFIC,0
695,2026-10-05T19:21:30+00:00,OPEN,0,1200,6000,NATIVE_PHASE_SPECIFIC,0
696,2026-10-05T19:22:00+00:00,OPEN,0,1200,6000,NATIVE_PHASE_SPECIFIC,0
697,2026-10-05T19:22:30+00:00,OPEN,0,1200,6000,NATIVE_PHASE_SPECIFIC,0
698,2026-10-05T19:23:00+00:00,OPEN,0,1200,6000,NATIVE_PHASE_SPECIFIC,0
699,2026-10-05T19:23:30+00:00,OPEN,0,1200,6000,NATIVE_PHASE_SPECIFIC,0
700,2026-10-05T19:24:00+00:00,OPEN,0,1200,6000,NATIVE_PHASE_SPECIFIC,0
701,2026-10-05T19:24:30+00:00,OPEN,0,1200,6000,NATIVE_PHASE_SPECIFIC,0
702,2026-10-05T19:25:00+00:00,OPEN,0,1200,6000,NATIVE_PHASE_SPECIFIC,0
703,2026-10-05T19:25:30+00:00,OPEN,0,1200,6000,NATIVE_PHASE_SPECIFIC,0
704,2026-10-05T19:26:00+00:00,OPEN,1,1200,6000,NATIVE_PHASE_SPECIFIC,0
705,2026-10-05T19:26:30+00:00,OPEN,0,1200,6000,NATIVE_PHASE_SPECIFIC,0
706,2026-10-05T19:27:00+00:00,OPEN,0,1200,6000,NATIVE_PHASE_SPECIFIC,0
707,2026-10-05T19:27:30+00:00,OPEN,0,1200,6000,NATIVE_PHASE_SPECIFIC,0
708,2026-10-05T19:28:00+00:00,OPEN,0,1200,6000,NATIVE_PHASE_SPECIFIC,0
709,2026-10-05T19:28:30+00:00,OPEN,0,1200,6000,NATIVE_PHASE_SPECIFIC,0
710,2026-10-05T19:29:00+00:00,OPEN,0,1200,6000,NATIVE_PHASE_SPECIFIC,0
711,2026-10-05T19:29:30+00:00,OPEN,0,1200,6000,NATIVE_PHASE_SPECIFIC,0
712,2026-10-05T19:30:00+00:00,OPEN,0,1200,6000,NATIVE_PHASE_SPECIFIC,0
713,2026-10-05T19:30:30+00:00,OPEN,0,1200,6000,NATIVE_PHASE_SPECIFIC,0
714,2026-10-05T19:31:00+00:00,OPEN,0,1200,6000,NATIVE_PHASE_SPECIFIC,0
715,2026-10-05T19:31:30+00:00,OPEN,0,1200,6000,NATIVE_PHASE_SPECIFIC,0
716,2026-10-05T19:32:00+00:00,OPEN,0,1200,6000,NATIVE_PHASE_SPECIFIC,0
717,2026-10-05T19:32:30+00:00,OPEN,0,1200,6000,NATIVE_PHASE_SPECIFIC,0
718,2026-10-05T19:33:00+00:00,OPEN,0,1200,6000,NATIVE_PHASE_SPECIFIC,0
719,2026-10-05T19:33:30+00:00,OPEN,0,1200,6000,NATIVE_PHASE_SPECIFIC,0
720,2026-10-05T19:34:00+00:00,OPEN,0,1200,6000,NATIVE_PHASE_SPECIFIC,0
721,2026-10-05T19:34:30+00:00,OPEN,0,1200,6000,NATIVE_PHASE_SPECIFIC,0
722,2026-10-05T19:35:00+00:00,OPEN,0,1200,6000,NATIVE_PHASE_SPECIFIC,0
723,2026-10-05T19:35:30+00:00,OPEN,0,1200,6000,NATIVE_PHASE_SPECIFIC,0
724,2026-10-05T19:36:00+00:00,OPEN,0,1200,6000,NATIVE_PHASE_SPECIFIC,0
725,2026-10-05T19:36:30+00:00,OPEN,0,1200,6000,NATIVE_PHASE_SPECIFIC,0
726,2026-10-05T19:37:00+00:00,OPEN,0,1200,6000,NATIVE_PHASE_SPECIFIC,0
727,2026-10-05T19:37:30+00:00,OPEN,0,1200,6000,NATIVE_PHASE_SPECIFIC,0
728,2026-10-05T19:38:00+00:00,OPEN,0,1200,6000,NATIVE_PHASE_SPECIFIC,0
729,2026-10-05T19:38:30+00:00,OPEN,0,1200,6000,NATIVE_PHASE_SPECIFIC,0
730,2026-10-05T19:39:00+00:00,OPEN,0,1200,6000,NATIVE_PHASE_SPECIFIC,0
731,2026-10-05T19:39:30+00:00,OPEN,0,1200,6000,NATIVE_PHASE_SPECIFIC,0
732,2026-10-05T19:40:00+00:00,OPEN,0,1200,6000,NATIVE_PHASE_SPECIFIC,0
733,2026-10-05T19:40:30+00:00,OPEN,0,1200,6000,NATIVE_PHASE_SPECIFIC,0
734,2026-10-05T19:41:00+00:00,OPEN,0,1200,6000,NATIVE_PHASE_SPECIFIC,0
735,2026-10-05T19:41:30+00:00,OPEN,0,1200,6000,NATIVE_PHASE_SPECIFIC,0
736,2026-10-05T19:42:00+00:00,OPEN,1,1200,6000,NATIVE_PHASE_SPECIFIC,0
737,2026-10-05T19:42:30+00:00,OPEN,0,1200,6000,NATIVE_PHASE_SPECIFIC,0
738,2026-10-05T19:43:00+00:00,OPEN,0,1200,6000,NATIVE_PHASE_SPECIFIC,0
739,2026-10-05T19:43:30+00:00,OPEN,0,1200,6000,NATIVE_PHASE_SPECIFIC,0
740,2026-10-05T19:44:00+00:00,OPEN,0,1200,6000,NATIVE_PHASE_SPECIFIC,0
741,2026-10-05T19:44:30+00:00,OPEN,0,1200,6000,NATIVE_PHASE_SPECIFIC,0
742,2026-10-05T19:45:00+00:00,OPEN,0,1200,6000,NATIVE_PHASE_SPECIFIC,0
743,2026-10-05T19:45:30+00:00,OPEN,0,1200,6000,NATIVE_PHASE_SPECIFIC,0
744,2026-10-05T19:46:00+00:00,OPEN,0,1200,6000,NATIVE_PHASE_SPECIFIC,0
745,2026-10-05T19:46:30+00:00,OPEN,0,1200,6000,NATIVE_PHASE_SPECIFIC,0
746,2026-10-05T19:47:00+00:00,OPEN,0,1200,6000,NATIVE_PHASE_SPECIFIC,0
747,2026-10-05T19:47:30+00:00,OPEN,0,1200,6000,NATIVE_PHASE_SPECIFIC,0
748,2026-10-05T19:48:00+00:00,OPEN,0,1200,6000,NATIVE_PHASE_SPECIFIC,0
749,2026-10-05T19:48:30+00:00,OPEN,0,1200,6000,NATIVE_PHASE_SPECIFIC,0
750,2026-10-05T19:49:00+00:00,OPEN,0,1200,6000,NATIVE_PHASE_SPECIFIC,0
751,2026-10-05T19:49:30+00:00,OPEN,0,1200,6000,NATIVE_PHASE_SPECIFIC,0
752,2026-10-05T19:50:00+00:00,OPEN,0,1200,6000,NATIVE_PHASE_SPECIFIC,0
753,2026-10-05T19:50:30+00:00,OPEN,0,1200,6000,NATIVE_PHASE_SPECIFIC,0
754,2026-10-05T19:51:00+00:00,OPEN,0,1200,6000,NATIVE_PHASE_SPECIFIC,0
755,2026-10-05T19:51:30+00:00,OPEN,0,1200,6000,NATIVE_PHASE_SPECIFIC,0
756,2026-10-05T19:52:00+00:00,OPEN,0,1200,6000,NATIVE_PHASE_SPECIFIC,0
757,2026-10-05T19:52:30+00:00,OPEN,0,1200,6000,NATIVE_PHASE_SPECIFIC,0
758,2026-10-05T19:53:00+00:00,OPEN,0,1200,6000,NATIVE_PHASE_SPECIFIC,0
759,2026-10-05T19:53:30+00:00,OPEN,0,1200,6000,NATIVE_PHASE_SPECIFIC,0
760,2026-10-05T19:54:00+00:00,OPEN,0,1200,6000,NATIVE_PHASE_SPECIFIC,0
761,2026-10-05T19:54:30+00:00,OPEN,0,1200,6000,NATIVE_PHASE_SPECIFIC,0
762,2026-10-05T19:55:00+00:00,OPEN,0,1200,6000,NATIVE_PHASE_SPECIFIC,0
763,2026-10-05T19:55:30+00:00,OPEN,0,1200,6000,NATIVE_PHASE_SPECIFIC,0
764,2026-10-05T19:56:00+00:00,OPEN,0,1200,6000,NATIVE_PHASE_SPECIFIC,0
765,2026-10-05T19:56:30+00:00,OPEN,0,1200,6000,NATIVE_PHASE_SPECIFIC,0
766,2026-10-05T19:57:00+00:00,OPEN,0,1200,6000,NATIVE_PHASE_SPECIFIC,0
767,2026-10-05T19:57:30+00:00,OPEN,0,1200,6000,NATIVE_PHASE_SPECIFIC,0
768,2026-10-05T19:58:00+00:00,OPEN,1,1200,6000,NATIVE_PHASE_SPECIFIC,0
769,2026-10-05T19:58:30+00:00,OPEN,0,1200,6000,NATIVE_PHASE_SPECIFIC,0
770,2026-10-05T19:59:00+00:00,OPEN,0,1200,6000,NATIVE_PHASE_SPECIFIC,0
771,2026-10-05T19:59:30+00:00,OPEN,0,1200,6000,NATIVE_PHASE_SPECIFIC,0
772,2026-10-05T20:00:00+00:00,CLOSED,0,1200,6000,NATIVE_PHASE_SPECIFIC,0
773,2026-10-05T20:00:30+00:00,CLOSED,0,1200,6000,6000_AFTER_SECOND_BOUNDARY,0
774,2026-10-05T20:01:00+00:00,CLOSED,0,1200,6000,6000_AFTER_SECOND_BOUNDARY,0
775,2026-10-05T20:01:30+00:00,CLOSED,0,1200,6000,6000_AFTER_SECOND_BOUNDARY,0
776,2026-10-05T20:02:00+00:00,CLOSED,0,1200,6000,6000_AFTER_SECOND_BOUNDARY,0
777,2026-10-05T20:02:30+00:00,CLOSED,0,1200,6000,6000_AFTER_SECOND_BOUNDARY,0
778,2026-10-05T20:03:00+00:00,CLOSED,0,1200,6000,6000_AFTER_SECOND_BOUNDARY,0
779,2026-10-05T20:03:30+00:00,CLOSED,0,1200,6000,6000_AFTER_SECOND_BOUNDARY,0
780,2026-10-05T20:04:00+00:00,CLOSED,0,1200,6000,6000_AFTER_SECOND_BOUNDARY,0
781,2026-10-05T20:04:30+00:00,CLOSED,0,1200,6000,6000_AFTER_SECOND_BOUNDARY,0
782,2026-10-05T20:05:00+00:00,CLOSED,0,1200,6000,6000_AFTER_SECOND_BOUNDARY,0
783,2026-10-05T20:05:30+00:00,CLOSED,0,1200,6000,6000_AFTER_SECOND_BOUNDARY,0
784,2026-10-05T20:06:00+00:00,CLOSED,0,1200,6000,6000_AFTER_SECOND_BOUNDARY,0
785,2026-10-05T20:06:30+00:00,CLOSED,0,1200,6000,6000_AFTER_SECOND_BOUNDARY,0
786,2026-10-05T20:07:00+00:00,CLOSED,0,1200,6000,6000_AFTER_SECOND_BOUNDARY,0
787,2026-10-05T20:07:30+00:00,CLOSED,0,1200,6000,6000_AFTER_SECOND_BOUNDARY,0
788,2026-10-05T20:08:00+00:00,CLOSED,0,1200,6000,6000_AFTER_SECOND_BOUNDARY,0
789,2026-10-05T20:08:30+00:00,CLOSED,0,1200,6000,6000_AFTER_SECOND_BOUNDARY,0
790,2026-10-05T20:09:00+00:00,CLOSED,0,1200,6000,6000_AFTER_SECOND_BOUNDARY,0
791,2026-10-05T20:09:30+00:00,CLOSED,0,1200,6000,6000_AFTER_SECOND_BOUNDARY,0
792,2026-10-05T20:10:00+00:00,CLOSED,0,1200,6000,6000_AFTER_SECOND_BOUNDARY,0
793,2026-10-05T20:10:30+00:00,CLOSED,0,1200,6000,6000_AFTER_SECOND_BOUNDARY,0
794,2026-10-05T20:11:00+00:00,CLOSED,0,1200,6000,6000_AFTER_SECOND_BOUNDARY,0
795,2026-10-05T20:11:30+00:00,CLOSED,0,1200,6000,6000_AFTER_SECOND_BOUNDARY,0
796,2026-10-05T20:12:00+00:00,CLOSED,0,1200,6000,6000_AFTER_SECOND_BOUNDARY,0
797,2026-10-05T20:12:30+00:00,CLOSED,0,1200,6000,6000_AFTER_SECOND_BOUNDARY,0
798,2026-10-05T20:13:00+00:00,CLOSED,0,1200,6000,6000_AFTER_SECOND_BOUNDARY,0
799,2026-10-05T20:13:30+00:00,CLOSED,0,1200,6000,6000_AFTER_SECOND_BOUNDARY,0
800,2026-10-05T20:14:00+00:00,CLOSED,1,1200,6000,6000_AFTER_SECOND_BOUNDARY,0
801,2026-10-05T20:14:30+00:00,CLOSED,0,1200,6000,6000_AFTER_SECOND_BOUNDARY,0
802,2026-10-05T20:15:00+00:00,CLOSED,0,1200,6000,6000_AFTER_SECOND_BOUNDARY,0
803,2026-10-05T20:15:30+00:00,CLOSED,0,1200,6000,6000_AFTER_SECOND_BOUNDARY,0
804,2026-10-05T20:16:00+00:00,CLOSED,0,1200,6000,6000_AFTER_SECOND_BOUNDARY,0
805,2026-10-05T20:16:30+00:00,CLOSED,0,1200,6000,6000_AFTER_SECOND_BOUNDARY,0
806,2026-10-05T20:17:00+00:00,CLOSED,0,1200,6000,6000_AFTER_SECOND_BOUNDARY,0
807,2026-10-05T20:17:30+00:00,CLOSED,0,1200,6000,6000_AFTER_SECOND_BOUNDARY,0
808,2026-10-05T20:18:00+00:00,CLOSED,0,1200,6000,6000_AFTER_SECOND_BOUNDARY,0
809,2026-10-05T20:18:30+00:00,CLOSED,0,1200,6000,6000_AFTER_SECOND_BOUNDARY,0
810,2026-10-05T20:19:00+00:00,CLOSED,0,1200,6000,6000_AFTER_SECOND_BOUNDARY,0
811,2026-10-05T20:19:30+00:00,CLOSED,0,1200,6000,6000_AFTER_SECOND_BOUNDARY,0
812,2026-10-05T20:20:00+00:00,CLOSED,0,1200,6000,6000_AFTER_SECOND_BOUNDARY,0
813,2026-10-05T20:20:30+00:00,CLOSED,0,1200,6000,6000_AFTER_SECOND_BOUNDARY,0
814,2026-10-05T20:21:00+00:00,CLOSED,0,1200,6000,6000_AFTER_SECOND_BOUNDARY,0
815,2026-10-05T20:21:30+00:00,CLOSED,0,1200,6000,6000_AFTER_SECOND_BOUNDARY,0
816,2026-10-05T20:22:00+00:00,CLOSED,0,1200,6000,6000_AFTER_SECOND_BOUNDARY,0
817,2026-10-05T20:22:30+00:00,CLOSED,0,1200,6000,6000_AFTER_SECOND_BOUNDARY,0
818,2026-10-05T20:23:00+00:00,CLOSED,0,1200,6000,6000_AFTER_SECOND_BOUNDARY,0
819,2026-10-05T20:23:30+00:00,CLOSED,0,1200,6000,6000_AFTER_SECOND_BOUNDARY,0
820,2026-10-05T20:24:00+00:00,CLOSED,0,1200,6000,6000_AFTER_SECOND_BOUNDARY,0
821,2026-10-05T20:24:30+00:00,CLOSED,0,1200,6000,6000_AFTER_SECOND_BOUNDARY,0
822,2026-10-05T20:25:00+00:00,CLOSED,0,1200,6000,6000_AFTER_SECOND_BOUNDARY,0
823,2026-10-05T20:25:30+00:00,CLOSED,0,1200,6000,6000_AFTER_SECOND_BOUNDARY,0
824,2026-10-05T20:26:00+00:00,CLOSED,0,1200,6000,6000_AFTER_SECOND_BOUNDARY,0
825,2026-10-05T20:26:30+00:00,CLOSED,0,1200,6000,6000_AFTER_SECOND_BOUNDARY,0
826,2026-10-05T20:27:00+00:00,CLOSED,0,1200,6000,6000_AFTER_SECOND_BOUNDARY,0
827,2026-10-05T20:27:30+00:00,CLOSED,0,1200,6000,6000_AFTER_SECOND_BOUNDARY,0
828,2026-10-05T20:28:00+00:00,CLOSED,0,1200,6000,6000_AFTER_SECOND_BOUNDARY,0
829,2026-10-05T20:28:30+00:00,CLOSED,0,1200,6000,6000_AFTER_SECOND_BOUNDARY,0
830,2026-10-05T20:29:00+00:00,CLOSED,0,1200,6000,6000_AFTER_SECOND_BOUNDARY,0
831,2026-10-05T20:29:30+00:00,CLOSED,0,1200,6000,6000_AFTER_SECOND_BOUNDARY,0
832,2026-10-05T20:30:00+00:00,CLOSED,1,1200,6000,6000_AFTER_SECOND_BOUNDARY,0
833,2026-10-05T20:30:30+00:00,CLOSED,0,1200,6000,6000_AFTER_SECOND_BOUNDARY,0
834,2026-10-05T20:31:00+00:00,CLOSED,0,1200,6000,6000_AFTER_SECOND_BOUNDARY,0
835,2026-10-05T20:31:30+00:00,CLOSED,0,1200,6000,6000_AFTER_SECOND_BOUNDARY,0
836,2026-10-05T20:32:00+00:00,CLOSED,0,1200,6000,6000_AFTER_SECOND_BOUNDARY,0
837,2026-10-05T20:32:30+00:00,CLOSED,0,1200,6000,6000_AFTER_SECOND_BOUNDARY,0
838,2026-10-05T20:33:00+00:00,CLOSED,0,1200,6000,6000_AFTER_SECOND_BOUNDARY,0
839,2026-10-05T20:33:30+00:00,CLOSED,0,1200,6000,6000_AFTER_SECOND_BOUNDARY,0
840,2026-10-05T20:34:00+00:00,CLOSED,0,1200,6000,6000_AFTER_SECOND_BOUNDARY,0
841,2026-10-05T20:34:30+00:00,CLOSED,0,1200,6000,6000_AFTER_SECOND_BOUNDARY,0
842,2026-10-05T20:35:00+00:00,CLOSED,0,1200,6000,6000_AFTER_SECOND_BOUNDARY,0
843,2026-10-05T20:35:30+00:00,CLOSED,0,1200,6000,6000_AFTER_SECOND_BOUNDARY,0
844,2026-10-05T20:36:00+00:00,CLOSED,0,1200,6000,6000_AFTER_SECOND_BOUNDARY,0
845,2026-10-05T20:36:30+00:00,CLOSED,0,1200,6000,6000_AFTER_SECOND_BOUNDARY,0
846,2026-10-05T20:37:00+00:00,CLOSED,0,1200,6000,6000_AFTER_SECOND_BOUNDARY,0
847,2026-10-05T20:37:30+00:00,CLOSED,0,1200,6000,6000_AFTER_SECOND_BOUNDARY,0
848,2026-10-05T20:38:00+00:00,CLOSED,0,1200,6000,6000_AFTER_SECOND_BOUNDARY,0
849,2026-10-05T20:38:30+00:00,CLOSED,0,1200,6000,6000_AFTER_SECOND_BOUNDARY,0
850,2026-10-05T20:39:00+00:00,CLOSED,0,1200,6000,6000_AFTER_SECOND_BOUNDARY,0
851,2026-10-05T20:39:30+00:00,CLOSED,0,1200,6000,6000_AFTER_SECOND_BOUNDARY,0
852,2026-10-05T20:40:00+00:00,CLOSED,0,1200,6000,6000_AFTER_SECOND_BOUNDARY,0
853,2026-10-05T20:40:30+00:00,CLOSED,0,1200,6000,6000_AFTER_SECOND_BOUNDARY,0
854,2026-10-05T20:41:00+00:00,CLOSED,0,1200,6000,6000_AFTER_SECOND_BOUNDARY,0
855,2026-10-05T20:41:30+00:00,CLOSED,0,1200,6000,6000_AFTER_SECOND_BOUNDARY,0
856,2026-10-05T20:42:00+00:00,CLOSED,0,1200,6000,6000_AFTER_SECOND_BOUNDARY,0
857,2026-10-05T20:42:30+00:00,CLOSED,0,1200,6000,6000_AFTER_SECOND_BOUNDARY,0
858,2026-10-05T20:43:00+00:00,CLOSED,0,1200,6000,6000_AFTER_SECOND_BOUNDARY,0
859,2026-10-05T20:43:30+00:00,CLOSED,0,1200,6000,6000_AFTER_SECOND_BOUNDARY,0
860,2026-10-05T20:44:00+00:00,CLOSED,0,1200,6000,6000_AFTER_SECOND_BOUNDARY,0
861,2026-10-05T20:44:30+00:00,CLOSED,0,1200,6000,6000_AFTER_SECOND_BOUNDARY,0
862,2026-10-05T20:45:00+00:00,CLOSED,0,1200,6000,6000_AFTER_SECOND_BOUNDARY,0
863,2026-10-05T20:45:30+00:00,CLOSED,0,1200,6000,6000_AFTER_SECOND_BOUNDARY,0
864,2026-10-05T20:46:00+00:00,CLOSED,1,1200,6000,6000_AFTER_SECOND_BOUNDARY,0
865,2026-10-05T20:46:30+00:00,CLOSED,0,1200,6000,6000_AFTER_SECOND_BOUNDARY,0
866,2026-10-05T20:47:00+00:00,CLOSED,0,1200,6000,6000_AFTER_SECOND_BOUNDARY,0
867,2026-10-05T20:47:30+00:00,CLOSED,0,1200,6000,6000_AFTER_SECOND_BOUNDARY,0
868,2026-10-05T20:48:00+00:00,CLOSED,0,1200,6000,6000_AFTER_SECOND_BOUNDARY,0
869,2026-10-05T20:48:30+00:00,CLOSED,0,1200,6000,6000_AFTER_SECOND_BOUNDARY,0
870,2026-10-05T20:49:00+00:00,CLOSED,0,1200,6000,6000_AFTER_SECOND_BOUNDARY,0
871,2026-10-05T20:49:30+00:00,CLOSED,0,1200,6000,6000_AFTER_SECOND_BOUNDARY,0
872,2026-10-05T20:50:00+00:00,CLOSED,0,1200,6000,6000_AFTER_SECOND_BOUNDARY,0
873,2026-10-05T20:50:30+00:00,CLOSED,0,1200,6000,6000_AFTER_SECOND_BOUNDARY,0
874,2026-10-05T20:51:00+00:00,CLOSED,0,1200,6000,6000_AFTER_SECOND_BOUNDARY,0
875,2026-10-05T20:51:30+00:00,CLOSED,0,1200,6000,6000_AFTER_SECOND_BOUNDARY,0
876,2026-10-05T20:52:00+00:00,CLOSED,0,1200,6000,6000_AFTER_SECOND_BOUNDARY,0
877,2026-10-05T20:52:30+00:00,CLOSED,0,1200,6000,6000_AFTER_SECOND_BOUNDARY,0
878,2026-10-05T20:53:00+00:00,CLOSED,0,1200,6000,6000_AFTER_SECOND_BOUNDARY,0
879,2026-10-05T20:53:30+00:00,CLOSED,0,1200,6000,6000_AFTER_SECOND_BOUNDARY,0
880,2026-10-05T20:54:00+00:00,CLOSED,0,1200,6000,6000_AFTER_SECOND_BOUNDARY,0
881,2026-10-05T20:54:30+00:00,CLOSED,0,1200,6000,6000_AFTER_SECOND_BOUNDARY,0
882,2026-10-05T20:55:00+00:00,CLOSED,0,1200,6000,6000_AFTER_SECOND_BOUNDARY,0
883,2026-10-05T20:55:30+00:00,CLOSED,0,1200,6000,6000_AFTER_SECOND_BOUNDARY,0
884,2026-10-05T20:56:00+00:00,CLOSED,0,1200,6000,6000_AFTER_SECOND_BOUNDARY,0
885,2026-10-05T20:56:30+00:00,CLOSED,0,1200,6000,6000_AFTER_SECOND_BOUNDARY,0
886,2026-10-05T20:57:00+00:00,CLOSED,0,1200,6000,6000_AFTER_SECOND_BOUNDARY,0
887,2026-10-05T20:57:30+00:00,CLOSED,0,1200,6000,6000_AFTER_SECOND_BOUNDARY,0
888,2026-10-05T20:58:00+00:00,CLOSED,0,1200,6000,6000_AFTER_SECOND_BOUNDARY,0
889,2026-10-05T20:58:30+00:00,CLOSED,0,1200,6000,6000_AFTER_SECOND_BOUNDARY,0
890,2026-10-05T20:59:00+00:00,CLOSED,0,1200,6000,6000_AFTER_SECOND_BOUNDARY,0
891,2026-10-05T20:59:30+00:00,CLOSED,0,1200,6000,6000_AFTER_SECOND_BOUNDARY,0
892,2026-10-05T21:00:00+00:00,CLOSED,0,1200,6000,6000_AFTER_SECOND_BOUNDARY,0
893,2026-10-05T21:00:30+00:00,CLOSED,0,1200,6000,6000_AFTER_SECOND_BOUNDARY,0
894,2026-10-05T21:01:00+00:00,CLOSED,0,1200,6000,6000_AFTER_SECOND_BOUNDARY,0
895,2026-10-05T21:01:30+00:00,CLOSED,0,1200,6000,6000_AFTER_SECOND_BOUNDARY,0
896,2026-10-05T21:02:00+00:00,CLOSED,1,1200,6000,6000_AFTER_SECOND_BOUNDARY,0
897,2026-10-05T21:02:30+00:00,CLOSED,0,1200,6000,6000_AFTER_SECOND_BOUNDARY,0
898,2026-10-05T21:03:00+00:00,CLOSED,0,1200,6000,6000_AFTER_SECOND_BOUNDARY,0
899,2026-10-05T21:03:30+00:00,CLOSED,0,1200,6000,6000_AFTER_SECOND_BOUNDARY,0
900,2026-10-05T21:04:00+00:00,CLOSED,0,1200,6000,6000_AFTER_SECOND_BOUNDARY,0
901,2026-10-05T21:04:30+00:00,CLOSED,0,1200,6000,6000_AFTER_SECOND_BOUNDARY,0
902,2026-10-05T21:05:00+00:00,CLOSED,0,1200,6000,6000_AFTER_SECOND_BOUNDARY,0
903,2026-10-05T21:05:30+00:00,CLOSED,0,1200,6000,6000_AFTER_SECOND_BOUNDARY,0
904,2026-10-05T21:06:00+00:00,CLOSED,0,1200,6000,6000_AFTER_SECOND_BOUNDARY,0
905,2026-10-05T21:06:30+00:00,CLOSED,0,1200,6000,6000_AFTER_SECOND_BOUNDARY,0
906,2026-10-05T21:07:00+00:00,CLOSED,0,1200,6000,6000_AFTER_SECOND_BOUNDARY,0
907,2026-10-05T21:07:30+00:00,CLOSED,0,1200,6000,6000_AFTER_SECOND_BOUNDARY,0
908,2026-10-05T21:08:00+00:00,CLOSED,0,1200,6000,6000_AFTER_SECOND_BOUNDARY,0
909,2026-10-05T21:08:30+00:00,CLOSED,0,1200,6000,6000_AFTER_SECOND_BOUNDARY,0
910,2026-10-05T21:09:00+00:00,CLOSED,0,1200,6000,6000_AFTER_SECOND_BOUNDARY,0
911,2026-10-05T21:09:30+00:00,CLOSED,0,1200,6000,6000_AFTER_SECOND_BOUNDARY,0
912,2026-10-05T21:10:00+00:00,CLOSED,0,1200,6000,6000_AFTER_SECOND_BOUNDARY,0
913,2026-10-05T21:10:30+00:00,CLOSED,0,1200,6000,6000_AFTER_SECOND_BOUNDARY,0
914,2026-10-05T21:11:00+00:00,CLOSED,0,1200,6000,6000_AFTER_SECOND_BOUNDARY,0
915,2026-10-05T21:11:30+00:00,CLOSED,0,1200,6000,6000_AFTER_SECOND_BOUNDARY,0
916,2026-10-05T21:12:00+00:00,CLOSED,0,1200,6000,6000_AFTER_SECOND_BOUNDARY,0
917,2026-10-05T21:12:30+00:00,CLOSED,0,1200,6000,6000_AFTER_SECOND_BOUNDARY,0
918,2026-10-05T21:13:00+00:00,CLOSED,0,1200,6000,6000_AFTER_SECOND_BOUNDARY,0
919,2026-10-05T21:13:30+00:00,CLOSED,0,1200,6000,6000_AFTER_SECOND_BOUNDARY,0
920,2026-10-05T21:14:00+00:00,CLOSED,0,1200,6000,6000_AFTER_SECOND_BOUNDARY,0
921,2026-10-05T21:14:30+00:00,CLOSED,0,1200,6000,6000_AFTER_SECOND_BOUNDARY,0
922,2026-10-05T21:15:00+00:00,CLOSED,0,1200,6000,6000_AFTER_SECOND_BOUNDARY,0
923,2026-10-05T21:15:30+00:00,CLOSED,0,1200,6000,6000_AFTER_SECOND_BOUNDARY,0
924,2026-10-05T21:16:00+00:00,CLOSED,0,1200,6000,6000_AFTER_SECOND_BOUNDARY,0
925,2026-10-05T21:16:30+00:00,CLOSED,0,1200,6000,6000_AFTER_SECOND_BOUNDARY,0
926,2026-10-05T21:17:00+00:00,CLOSED,0,1200,6000,6000_AFTER_SECOND_BOUNDARY,0
927,2026-10-05T21:17:30+00:00,CLOSED,0,1200,6000,6000_AFTER_SECOND_BOUNDARY,0
928,2026-10-05T21:18:00+00:00,CLOSED,1,1200,6000,6000_AFTER_SECOND_BOUNDARY,0
929,2026-10-05T21:18:30+00:00,CLOSED,0,1200,6000,6000_AFTER_SECOND_BOUNDARY,0
930,2026-10-05T21:19:00+00:00,CLOSED,0,1200,6000,6000_AFTER_SECOND_BOUNDARY,0
931,2026-10-05T21:19:30+00:00,CLOSED,0,1200,6000,6000_AFTER_SECOND_BOUNDARY,0
932,2026-10-05T21:20:00+00:00,CLOSED,0,1200,6000,6000_AFTER_SECOND_BOUNDARY,0
933,2026-10-05T21:20:30+00:00,CLOSED,0,1200,6000,6000_AFTER_SECOND_BOUNDARY,0
934,2026-10-05T21:21:00+00:00,CLOSED,0,1200,6000,6000_AFTER_SECOND_BOUNDARY,0
935,2026-10-05T21:21:30+00:00,CLOSED,0,1200,6000,6000_AFTER_SECOND_BOUNDARY,0
936,2026-10-05T21:22:00+00:00,CLOSED,0,1200,6000,6000_AFTER_SECOND_BOUNDARY,0
937,2026-10-05T21:22:30+00:00,CLOSED,0,1200,6000,6000_AFTER_SECOND_BOUNDARY,0
938,2026-10-05T21:23:00+00:00,CLOSED,0,1200,6000,6000_AFTER_SECOND_BOUNDARY,0
939,2026-10-05T21:23:30+00:00,CLOSED,0,1200,6000,6000_AFTER_SECOND_BOUNDARY,0
940,2026-10-05T21:24:00+00:00,CLOSED,0,1200,6000,6000_AFTER_SECOND_BOUNDARY,0
941,2026-10-05T21:24:30+00:00,CLOSED,0,1200,6000,6000_AFTER_SECOND_BOUNDARY,0
942,2026-10-05T21:25:00+00:00,CLOSED,0,1200,6000,6000_AFTER_SECOND_BOUNDARY,0
943,2026-10-05T21:25:30+00:00,CLOSED,0,1200,6000,6000_AFTER_SECOND_BOUNDARY,0
944,2026-10-05T21:26:00+00:00,CLOSED,0,1200,6000,6000_AFTER_SECOND_BOUNDARY,0
945,2026-10-05T21:26:30+00:00,CLOSED,0,1200,6000,6000_AFTER_SECOND_BOUNDARY,0
946,2026-10-05T21:27:00+00:00,CLOSED,0,1200,6000,6000_AFTER_SECOND_BOUNDARY,0
947,2026-10-05T21:27:30+00:00,CLOSED,0,1200,6000,6000_AFTER_SECOND_BOUNDARY,0
948,2026-10-05T21:28:00+00:00,CLOSED,0,1200,6000,6000_AFTER_SECOND_BOUNDARY,0
949,2026-10-05T21:28:30+00:00,CLOSED,0,1200,6000,6000_AFTER_SECOND_BOUNDARY,0
950,2026-10-05T21:29:00+00:00,CLOSED,0,1200,6000,6000_AFTER_SECOND_BOUNDARY,0
951,2026-10-05T21:29:30+00:00,CLOSED,0,1200,6000,6000_AFTER_SECOND_BOUNDARY,0
952,2026-10-05T21:30:00+00:00,CLOSED,0,1200,6000,6000_AFTER_SECOND_BOUNDARY,0
953,2026-10-05T21:30:30+00:00,CLOSED,0,1200,6000,6000_AFTER_SECOND_BOUNDARY,0
954,2026-10-05T21:31:00+00:00,CLOSED,0,1200,6000,6000_AFTER_SECOND_BOUNDARY,0
955,2026-10-05T21:31:30+00:00,CLOSED,0,1200,6000,6000_AFTER_SECOND_BOUNDARY,0
956,2026-10-05T21:32:00+00:00,CLOSED,0,1200,6000,6000_AFTER_SECOND_BOUNDARY,0
957,2026-10-05T21:32:30+00:00,CLOSED,0,1200,6000,6000_AFTER_SECOND_BOUNDARY,0
958,2026-10-05T21:33:00+00:00,CLOSED,0,1200,6000,6000_AFTER_SECOND_BOUNDARY,0
959,2026-10-05T21:33:30+00:00,CLOSED,0,1200,6000,6000_AFTER_SECOND_BOUNDARY,0
960,2026-10-05T21:34:00+00:00,CLOSED,1,1200,6000,6000_AFTER_SECOND_BOUNDARY,0
961,2026-10-05T21:34:30+00:00,CLOSED,0,1200,6000,6000_AFTER_SECOND_BOUNDARY,0
962,2026-10-05T21:35:00+00:00,CLOSED,0,1200,6000,6000_AFTER_SECOND_BOUNDARY,0
963,2026-10-05T21:35:30+00:00,CLOSED,0,1200,6000,6000_AFTER_SECOND_BOUNDARY,0
964,2026-10-05T21:36:00+00:00,CLOSED,0,1200,6000,6000_AFTER_SECOND_BOUNDARY,0
965,2026-10-05T21:36:30+00:00,CLOSED,0,1200,6000,6000_AFTER_SECOND_BOUNDARY,0
966,2026-10-05T21:37:00+00:00,CLOSED,0,1200,6000,6000_AFTER_SECOND_BOUNDARY,0
967,2026-10-05T21:37:30+00:00,CLOSED,0,1200,6000,6000_AFTER_SECOND_BOUNDARY,0
968,2026-10-05T21:38:00+00:00,CLOSED,0,1200,6000,6000_AFTER_SECOND_BOUNDARY,0
969,2026-10-05T21:38:30+00:00,CLOSED,0,1200,6000,6000_AFTER_SECOND_BOUNDARY,0
970,2026-10-05T21:39:00+00:00,CLOSED,0,1200,6000,6000_AFTER_SECOND_BOUNDARY,0
971,2026-10-05T21:39:30+00:00,CLOSED,0,1200,6000,6000_AFTER_SECOND_BOUNDARY,0
972,2026-10-05T21:40:00+00:00,CLOSED,0,1200,6000,6000_AFTER_SECOND_BOUNDARY,0
973,2026-10-05T21:40:30+00:00,CLOSED,0,1200,6000,6000_AFTER_SECOND_BOUNDARY,0
974,2026-10-05T21:41:00+00:00,CLOSED,0,1200,6000,6000_AFTER_SECOND_BOUNDARY,0
975,2026-10-05T21:41:30+00:00,CLOSED,0,1200,6000,6000_AFTER_SECOND_BOUNDARY,0
976,2026-10-05T21:42:00+00:00,CLOSED,0,1200,6000,6000_AFTER_SECOND_BOUNDARY,0
977,2026-10-05T21:42:30+00:00,CLOSED,0,1200,6000,6000_AFTER_SECOND_BOUNDARY,0
978,2026-10-05T21:43:00+00:00,CLOSED,0,1200,6000,6000_AFTER_SECOND_BOUNDARY,0
979,2026-10-05T21:43:30+00:00,CLOSED,0,1200,6000,6000_AFTER_SECOND_BOUNDARY,0
980,2026-10-05T21:44:00+00:00,CLOSED,0,1200,6000,6000_AFTER_SECOND_BOUNDARY,0
981,2026-10-05T21:44:30+00:00,CLOSED,0,1200,6000,6000_AFTER_SECOND_BOUNDARY,0
982,2026-10-05T21:45:00+00:00,CLOSED,0,1200,6000,6000_AFTER_SECOND_BOUNDARY,0
983,2026-10-05T21:45:30+00:00,CLOSED,0,1200,6000,6000_AFTER_SECOND_BOUNDARY,0
984,2026-10-05T21:46:00+00:00,CLOSED,0,1200,6000,6000_AFTER_SECOND_BOUNDARY,0
985,2026-10-05T21:46:30+00:00,CLOSED,0,1200,6000,6000_AFTER_SECOND_BOUNDARY,0
986,2026-10-05T21:47:00+00:00,CLOSED,0,1200,6000,6000_AFTER_SECOND_BOUNDARY,0
987,2026-10-05T21:47:30+00:00,CLOSED,0,1200,6000,6000_AFTER_SECOND_BOUNDARY,0
988,2026-10-05T21:48:00+00:00,CLOSED,0,1200,6000,6000_AFTER_SECOND_BOUNDARY,0
989,2026-10-05T21:48:30+00:00,CLOSED,0,1200,6000,6000_AFTER_SECOND_BOUNDARY,0
990,2026-10-05T21:49:00+00:00,CLOSED,0,1200,6000,6000_AFTER_SECOND_BOUNDARY,0
991,2026-10-05T21:49:30+00:00,CLOSED,0,1200,6000,6000_AFTER_SECOND_BOUNDARY,0
992,2026-10-05T21:50:00+00:00,CLOSED,1,1200,6000,6000_AFTER_SECOND_BOUNDARY,0
993,2026-10-05T21:50:30+00:00,CLOSED,0,1200,6000,6000_AFTER_SECOND_BOUNDARY,0
994,2026-10-05T21:51:00+00:00,CLOSED,0,1200,6000,6000_AFTER_SECOND_BOUNDARY,0
995,2026-10-05T21:51:30+00:00,CLOSED,0,1200,6000,6000_AFTER_SECOND_BOUNDARY,0
996,2026-10-05T21:52:00+00:00,CLOSED,0,1200,6000,6000_AFTER_SECOND_BOUNDARY,0
997,2026-10-05T21:52:30+00:00,CLOSED,0,1200,6000,6000_AFTER_SECOND_BOUNDARY,0
998,2026-10-05T21:53:00+00:00,CLOSED,0,1200,6000,6000_AFTER_SECOND_BOUNDARY,0
999,2026-10-05T21:53:30+00:00,CLOSED,0,1200,6000,6000_AFTER_SECOND_BOUNDARY,0
1000,2026-10-05T21:54:00+00:00,CLOSED,0,1200,6000,6000_AFTER_SECOND_BOUNDARY,0
1001,2026-10-05T21:54:30+00:00,CLOSED,0,1200,6000,6000_AFTER_SECOND_BOUNDARY,0
1002,2026-10-05T21:55:00+00:00,CLOSED,0,1200,6000,6000_AFTER_SECOND_BOUNDARY,0
1003,2026-10-05T21:55:30+00:00,CLOSED,0,1200,6000,6000_AFTER_SECOND_BOUNDARY,0
1004,2026-10-05T21:56:00+00:00,CLOSED,0,1200,6000,6000_AFTER_SECOND_BOUNDARY,0
1005,2026-10-05T21:56:30+00:00,CLOSED,0,1200,6000,6000_AFTER_SECOND_BOUNDARY,0
1006,2026-10-05T21:57:00+00:00,CLOSED,0,1200,6000,6000_AFTER_SECOND_BOUNDARY,0
1007,2026-10-05T21:57:30+00:00,CLOSED,0,1200,6000,6000_AFTER_SECOND_BOUNDARY,0
1008,2026-10-05T21:58:00+00:00,CLOSED,0,1200,6000,6000_AFTER_SECOND_BOUNDARY,0
1009,2026-10-05T21:58:30+00:00,CLOSED,0,1200,6000,6000_AFTER_SECOND_BOUNDARY,0
1010,2026-10-05T21:59:00+00:00,CLOSED,0,1200,6000,6000_AFTER_SECOND_BOUNDARY,0
1011,2026-10-05T21:59:30+00:00,CLOSED,0,1200,6000,6000_AFTER_SECOND_BOUNDARY,0
1012,2026-10-05T22:00:00+00:00,CLOSED,0,1200,6000,6000_AFTER_SECOND_BOUNDARY,0
1013,2026-10-05T22:00:30+00:00,CLOSED,0,1200,6000,6000_AFTER_SECOND_BOUNDARY,0
1014,2026-10-05T22:01:00+00:00,CLOSED,0,1200,6000,6000_AFTER_SECOND_BOUNDARY,0
1015,2026-10-05T22:01:30+00:00,CLOSED,0,1200,6000,6000_AFTER_SECOND_BOUNDARY,0
1016,2026-10-05T22:02:00+00:00,CLOSED,0,1200,6000,6000_AFTER_SECOND_BOUNDARY,0
1017,2026-10-05T22:02:30+00:00,CLOSED,0,1200,6000,6000_AFTER_SECOND_BOUNDARY,0
1018,2026-10-05T22:03:00+00:00,CLOSED,0,1200,6000,6000_AFTER_SECOND_BOUNDARY,0
1019,2026-10-05T22:03:30+00:00,CLOSED,0,1200,6000,6000_AFTER_SECOND_BOUNDARY,0
1020,2026-10-05T22:04:00+00:00,CLOSED,0,1200,6000,6000_AFTER_SECOND_BOUNDARY,0
1021,2026-10-05T22:04:30+00:00,CLOSED,0,1200,6000,6000_AFTER_SECOND_BOUNDARY,0
1022,2026-10-05T22:05:00+00:00,CLOSED,0,1200,6000,6000_AFTER_SECOND_BOUNDARY,0
1023,2026-10-05T22:05:30+00:00,CLOSED,0,1200,6000,6000_AFTER_SECOND_BOUNDARY,0
1024,2026-10-05T22:06:00+00:00,CLOSED,1,1200,6000,6000_AFTER_SECOND_BOUNDARY,0
1025,2026-10-05T22:06:30+00:00,CLOSED,0,1200,6000,6000_AFTER_SECOND_BOUNDARY,0
1026,2026-10-05T22:07:00+00:00,CLOSED,0,1200,6000,6000_AFTER_SECOND_BOUNDARY,0
1027,2026-10-05T22:07:30+00:00,CLOSED,0,1200,6000,6000_AFTER_SECOND_BOUNDARY,0
1028,2026-10-05T22:08:00+00:00,CLOSED,0,1200,6000,6000_AFTER_SECOND_BOUNDARY,0
1029,2026-10-05T22:08:30+00:00,CLOSED,0,1200,6000,6000_AFTER_SECOND_BOUNDARY,0
1030,2026-10-05T22:09:00+00:00,CLOSED,0,1200,6000,6000_AFTER_SECOND_BOUNDARY,0
1031,2026-10-05T22:09:30+00:00,CLOSED,0,1200,6000,6000_AFTER_SECOND_BOUNDARY,0
1032,2026-10-05T22:10:00+00:00,CLOSED,0,1200,6000,6000_AFTER_SECOND_BOUNDARY,0
1033,2026-10-05T22:10:30+00:00,CLOSED,0,1200,6000,6000_AFTER_SECOND_BOUNDARY,0
1034,2026-10-05T22:11:00+00:00,CLOSED,0,1200,6000,6000_AFTER_SECOND_BOUNDARY,0
1035,2026-10-05T22:11:30+00:00,CLOSED,0,1200,6000,6000_AFTER_SECOND_BOUNDARY,0
1036,2026-10-05T22:12:00+00:00,CLOSED,0,1200,6000,6000_AFTER_SECOND_BOUNDARY,0
1037,2026-10-05T22:12:30+00:00,CLOSED,0,1200,6000,6000_AFTER_SECOND_BOUNDARY,0
1038,2026-10-05T22:13:00+00:00,CLOSED,0,1200,6000,6000_AFTER_SECOND_BOUNDARY,0
1039,2026-10-05T22:13:30+00:00,CLOSED,0,1200,6000,6000_AFTER_SECOND_BOUNDARY,0
1040,2026-10-05T22:14:00+00:00,CLOSED,0,1200,6000,6000_AFTER_SECOND_BOUNDARY,0
1041,2026-10-05T22:14:30+00:00,CLOSED,0,1200,6000,6000_AFTER_SECOND_BOUNDARY,0
1042,2026-10-05T22:15:00+00:00,CLOSED,0,1200,6000,6000_AFTER_SECOND_BOUNDARY,0
1043,2026-10-05T22:15:30+00:00,CLOSED,0,1200,6000,6000_AFTER_SECOND_BOUNDARY,0
1044,2026-10-05T22:16:00+00:00,CLOSED,0,1200,6000,6000_AFTER_SECOND_BOUNDARY,0
1045,2026-10-05T22:16:30+00:00,CLOSED,0,1200,6000,6000_AFTER_SECOND_BOUNDARY,0
1046,2026-10-05T22:17:00+00:00,CLOSED,0,1200,6000,6000_AFTER_SECOND_BOUNDARY,0
1047,2026-10-05T22:17:30+00:00,CLOSED,0,1200,6000,6000_AFTER_SECOND_BOUNDARY,0
1048,2026-10-05T22:18:00+00:00,CLOSED,0,1200,6000,6000_AFTER_SECOND_BOUNDARY,0
1049,2026-10-05T22:18:30+00:00,CLOSED,0,1200,6000,6000_AFTER_SECOND_BOUNDARY,0
1050,2026-10-05T22:19:00+00:00,CLOSED,0,1200,6000,6000_AFTER_SECOND_BOUNDARY,0
1051,2026-10-05T22:19:30+00:00,CLOSED,0,1200,6000,6000_AFTER_SECOND_BOUNDARY,0
1052,2026-10-05T22:20:00+00:00,CLOSED,0,1200,6000,6000_AFTER_SECOND_BOUNDARY,0
1053,2026-10-05T22:20:30+00:00,CLOSED,0,1200,6000,6000_AFTER_SECOND_BOUNDARY,0
1054,2026-10-05T22:21:00+00:00,CLOSED,0,1200,6000,6000_AFTER_SECOND_BOUNDARY,0
1055,2026-10-05T22:21:30+00:00,CLOSED,0,1200,6000,6000_AFTER_SECOND_BOUNDARY,0
1056,2026-10-05T22:22:00+00:00,CLOSED,1,1200,6000,6000_AFTER_SECOND_BOUNDARY,0
1057,2026-10-05T22:22:30+00:00,CLOSED,0,1200,6000,6000_AFTER_SECOND_BOUNDARY,0
1058,2026-10-05T22:23:00+00:00,CLOSED,0,1200,6000,6000_AFTER_SECOND_BOUNDARY,0
1059,2026-10-05T22:23:30+00:00,CLOSED,0,1200,6000,6000_AFTER_SECOND_BOUNDARY,0
1060,2026-10-05T22:24:00+00:00,CLOSED,0,1200,6000,6000_AFTER_SECOND_BOUNDARY,0
1061,2026-10-05T22:24:30+00:00,CLOSED,0,1200,6000,6000_AFTER_SECOND_BOUNDARY,0
1062,2026-10-05T22:25:00+00:00,CLOSED,0,1200,6000,6000_AFTER_SECOND_BOUNDARY,0
1063,2026-10-05T22:25:30+00:00,CLOSED,0,1200,6000,6000_AFTER_SECOND_BOUNDARY,0
1064,2026-10-05T22:26:00+00:00,CLOSED,0,1200,6000,6000_AFTER_SECOND_BOUNDARY,0
1065,2026-10-05T22:26:30+00:00,CLOSED,0,1200,6000,6000_AFTER_SECOND_BOUNDARY,0
1066,2026-10-05T22:27:00+00:00,CLOSED,0,1200,6000,6000_AFTER_SECOND_BOUNDARY,0
1067,2026-10-05T22:27:30+00:00,CLOSED,0,1200,6000,6000_AFTER_SECOND_BOUNDARY,0
1068,2026-10-05T22:28:00+00:00,CLOSED,0,1200,6000,6000_AFTER_SECOND_BOUNDARY,0
1069,2026-10-05T22:28:30+00:00,CLOSED,0,1200,6000,6000_AFTER_SECOND_BOUNDARY,0
1070,2026-10-05T22:29:00+00:00,CLOSED,0,1200,6000,6000_AFTER_SECOND_BOUNDARY,0
1071,2026-10-05T22:29:30+00:00,CLOSED,0,1200,6000,6000_AFTER_SECOND_BOUNDARY,0
1072,2026-10-05T22:30:00+00:00,CLOSED,0,1200,6000,6000_AFTER_SECOND_BOUNDARY,0
1073,2026-10-05T22:30:30+00:00,CLOSED,0,1200,6000,6000_AFTER_SECOND_BOUNDARY,0
1074,2026-10-05T22:31:00+00:00,CLOSED,0,1200,6000,6000_AFTER_SECOND_BOUNDARY,0
1075,2026-10-05T22:31:30+00:00,CLOSED,0,1200,6000,6000_AFTER_SECOND_BOUNDARY,0
1076,2026-10-05T22:32:00+00:00,CLOSED,0,1200,6000,6000_AFTER_SECOND_BOUNDARY,0
1077,2026-10-05T22:32:30+00:00,CLOSED,0,1200,6000,6000_AFTER_SECOND_BOUNDARY,0
1078,2026-10-05T22:33:00+00:00,CLOSED,0,1200,6000,6000_AFTER_SECOND_BOUNDARY,0
1079,2026-10-05T22:33:30+00:00,CLOSED,0,1200,6000,6000_AFTER_SECOND_BOUNDARY,0
1080,2026-10-05T22:34:00+00:00,CLOSED,0,1200,6000,6000_AFTER_SECOND_BOUNDARY,0
1081,2026-10-05T22:34:30+00:00,CLOSED,0,1200,6000,6000_AFTER_SECOND_BOUNDARY,0
1082,2026-10-05T22:35:00+00:00,CLOSED,0,1200,6000,6000_AFTER_SECOND_BOUNDARY,0
1083,2026-10-05T22:35:30+00:00,CLOSED,0,1200,6000,6000_AFTER_SECOND_BOUNDARY,0
1084,2026-10-05T22:36:00+00:00,CLOSED,0,1200,6000,6000_AFTER_SECOND_BOUNDARY,0
1085,2026-10-05T22:36:30+00:00,CLOSED,0,1200,6000,6000_AFTER_SECOND_BOUNDARY,0
1086,2026-10-05T22:37:00+00:00,CLOSED,0,1200,6000,6000_AFTER_SECOND_BOUNDARY,0
1087,2026-10-05T22:37:30+00:00,CLOSED,0,1200,6000,6000_AFTER_SECOND_BOUNDARY,0
1088,2026-10-05T22:38:00+00:00,CLOSED,1,1200,6000,6000_AFTER_SECOND_BOUNDARY,0
1089,2026-10-05T22:38:30+00:00,CLOSED,0,1200,6000,6000_AFTER_SECOND_BOUNDARY,0
1090,2026-10-05T22:39:00+00:00,CLOSED,0,1200,6000,6000_AFTER_SECOND_BOUNDARY,0
1091,2026-10-05T22:39:30+00:00,CLOSED,0,1200,6000,6000_AFTER_SECOND_BOUNDARY,0
1092,2026-10-05T22:40:00+00:00,CLOSED,0,1200,6000,6000_AFTER_SECOND_BOUNDARY,0
1093,2026-10-05T22:40:30+00:00,CLOSED,0,1200,6000,6000_AFTER_SECOND_BOUNDARY,0
1094,2026-10-05T22:41:00+00:00,CLOSED,0,1200,6000,6000_AFTER_SECOND_BOUNDARY,0
1095,2026-10-05T22:41:30+00:00,CLOSED,0,1200,6000,6000_AFTER_SECOND_BOUNDARY,0
1096,2026-10-05T22:42:00+00:00,CLOSED,0,1200,6000,6000_AFTER_SECOND_BOUNDARY,0
1097,2026-10-05T22:42:30+00:00,CLOSED,0,1200,6000,6000_AFTER_SECOND_BOUNDARY,0
1098,2026-10-05T22:43:00+00:00,CLOSED,0,1200,6000,6000_AFTER_SECOND_BOUNDARY,0
1099,2026-10-05T22:43:30+00:00,CLOSED,0,1200,6000,6000_AFTER_SECOND_BOUNDARY,0
1100,2026-10-05T22:44:00+00:00,CLOSED,0,1200,6000,6000_AFTER_SECOND_BOUNDARY,0
1101,2026-10-05T22:44:30+00:00,CLOSED,0,1200,6000,6000_AFTER_SECOND_BOUNDARY,0
1102,2026-10-05T22:45:00+00:00,CLOSED,0,1200,6000,6000_AFTER_SECOND_BOUNDARY,0
1103,2026-10-05T22:45:30+00:00,CLOSED,0,1200,6000,6000_AFTER_SECOND_BOUNDARY,0
1104,2026-10-05T22:46:00+00:00,CLOSED,0,1200,6000,6000_AFTER_SECOND_BOUNDARY,0
1105,2026-10-05T22:46:30+00:00,CLOSED,0,1200,6000,6000_AFTER_SECOND_BOUNDARY,0
1106,2026-10-05T22:47:00+00:00,CLOSED,0,1200,6000,6000_AFTER_SECOND_BOUNDARY,0
1107,2026-10-05T22:47:30+00:00,CLOSED,0,1200,6000,6000_AFTER_SECOND_BOUNDARY,0
1108,2026-10-05T22:48:00+00:00,CLOSED,0,1200,6000,6000_AFTER_SECOND_BOUNDARY,0
1109,2026-10-05T22:48:30+00:00,CLOSED,0,1200,6000,6000_AFTER_SECOND_BOUNDARY,0
1110,2026-10-05T22:49:00+00:00,CLOSED,0,1200,6000,6000_AFTER_SECOND_BOUNDARY,0
1111,2026-10-05T22:49:30+00:00,CLOSED,0,1200,6000,6000_AFTER_SECOND_BOUNDARY,0
1112,2026-10-05T22:50:00+00:00,CLOSED,0,1200,6000,6000_AFTER_SECOND_BOUNDARY,0
1113,2026-10-05T22:50:30+00:00,CLOSED,0,1200,6000,6000_AFTER_SECOND_BOUNDARY,0
1114,2026-10-05T22:51:00+00:00,CLOSED,0,1200,6000,6000_AFTER_SECOND_BOUNDARY,0
1115,2026-10-05T22:51:30+00:00,CLOSED,0,1200,6000,6000_AFTER_SECOND_BOUNDARY,0
1116,2026-10-05T22:52:00+00:00,CLOSED,0,1200,6000,6000_AFTER_SECOND_BOUNDARY,0
1117,2026-10-05T22:52:30+00:00,CLOSED,0,1200,6000,6000_AFTER_SECOND_BOUNDARY,0
1118,2026-10-05T22:53:00+00:00,CLOSED,0,1200,6000,6000_AFTER_SECOND_BOUNDARY,0
1119,2026-10-05T22:53:30+00:00,CLOSED,0,1200,6000,6000_AFTER_SECOND_BOUNDARY,0
1120,2026-10-05T22:54:00+00:00,CLOSED,1,1200,6000,6000_AFTER_SECOND_BOUNDARY,0
1121,2026-10-05T22:54:30+00:00,CLOSED,0,1200,6000,6000_AFTER_SECOND_BOUNDARY,0
1122,2026-10-05T22:55:00+00:00,CLOSED,0,1200,6000,6000_AFTER_SECOND_BOUNDARY,0
1123,2026-10-05T22:55:30+00:00,CLOSED,0,1200,6000,6000_AFTER_SECOND_BOUNDARY,0
1124,2026-10-05T22:56:00+00:00,CLOSED,0,1200,6000,6000_AFTER_SECOND_BOUNDARY,0
1125,2026-10-05T22:56:30+00:00,CLOSED,0,1200,6000,6000_AFTER_SECOND_BOUNDARY,0
1126,2026-10-05T22:57:00+00:00,CLOSED,0,1200,6000,6000_AFTER_SECOND_BOUNDARY,0
1127,2026-10-05T22:57:30+00:00,CLOSED,0,1200,6000,6000_AFTER_SECOND_BOUNDARY,0
1128,2026-10-05T22:58:00+00:00,CLOSED,0,1200,6000,6000_AFTER_SECOND_BOUNDARY,0
1129,2026-10-05T22:58:30+00:00,CLOSED,0,1200,6000,6000_AFTER_SECOND_BOUNDARY,0
1130,2026-10-05T22:59:00+00:00,CLOSED,0,1200,6000,6000_AFTER_SECOND_BOUNDARY,0
1131,2026-10-05T22:59:30+00:00,CLOSED,0,1200,6000,6000_AFTER_SECOND_BOUNDARY,0
1132,2026-10-05T23:00:00+00:00,CLOSED,0,1200,6000,6000_AFTER_SECOND_BOUNDARY,0
1133,2026-10-05T23:00:30+00:00,CLOSED,0,1200,6000,6000_AFTER_SECOND_BOUNDARY,0
1134,2026-10-05T23:01:00+00:00,CLOSED,0,1200,6000,6000_AFTER_SECOND_BOUNDARY,0
1135,2026-10-05T23:01:30+00:00,CLOSED,0,1200,6000,6000_AFTER_SECOND_BOUNDARY,0
1136,2026-10-05T23:02:00+00:00,CLOSED,0,1200,6000,6000_AFTER_SECOND_BOUNDARY,0
1137,2026-10-05T23:02:30+00:00,CLOSED,0,1200,6000,6000_AFTER_SECOND_BOUNDARY,0
1138,2026-10-05T23:03:00+00:00,CLOSED,0,1200,6000,6000_AFTER_SECOND_BOUNDARY,0
1139,2026-10-05T23:03:30+00:00,CLOSED,0,1200,6000,6000_AFTER_SECOND_BOUNDARY,0
1140,2026-10-05T23:04:00+00:00,CLOSED,0,1200,6000,6000_AFTER_SECOND_BOUNDARY,0
1141,2026-10-05T23:04:30+00:00,CLOSED,0,1200,6000,6000_AFTER_SECOND_BOUNDARY,0
1142,2026-10-05T23:05:00+00:00,CLOSED,0,1200,6000,6000_AFTER_SECOND_BOUNDARY,0
1143,2026-10-05T23:05:30+00:00,CLOSED,0,1200,6000,6000_AFTER_SECOND_BOUNDARY,0
1144,2026-10-05T23:06:00+00:00,CLOSED,0,1200,6000,6000_AFTER_SECOND_BOUNDARY,0
1145,2026-10-05T23:06:30+00:00,CLOSED,0,1200,6000,6000_AFTER_SECOND_BOUNDARY,0
1146,2026-10-05T23:07:00+00:00,CLOSED,0,1200,6000,6000_AFTER_SECOND_BOUNDARY,0
1147,2026-10-05T23:07:30+00:00,CLOSED,0,1200,6000,6000_AFTER_SECOND_BOUNDARY,0
1148,2026-10-05T23:08:00+00:00,CLOSED,0,1200,6000,6000_AFTER_SECOND_BOUNDARY,0
1149,2026-10-05T23:08:30+00:00,CLOSED,0,1200,6000,6000_AFTER_SECOND_BOUNDARY,0
1150,2026-10-05T23:09:00+00:00,CLOSED,0,1200,6000,6000_AFTER_SECOND_BOUNDARY,0
1151,2026-10-05T23:09:30+00:00,CLOSED,0,1200,6000,6000_AFTER_SECOND_BOUNDARY,0
1152,2026-10-05T23:10:00+00:00,CLOSED,1,1200,6000,6000_AFTER_SECOND_BOUNDARY,0
1153,2026-10-05T23:10:30+00:00,CLOSED,0,1200,6000,6000_AFTER_SECOND_BOUNDARY,0
1154,2026-10-05T23:11:00+00:00,CLOSED,0,1200,6000,6000_AFTER_SECOND_BOUNDARY,0
1155,2026-10-05T23:11:30+00:00,CLOSED,0,1200,6000,6000_AFTER_SECOND_BOUNDARY,0
1156,2026-10-05T23:12:00+00:00,CLOSED,0,1200,6000,6000_AFTER_SECOND_BOUNDARY,0
1157,2026-10-05T23:12:30+00:00,CLOSED,0,1200,6000,6000_AFTER_SECOND_BOUNDARY,0
1158,2026-10-05T23:13:00+00:00,CLOSED,0,1200,6000,6000_AFTER_SECOND_BOUNDARY,0
1159,2026-10-05T23:13:30+00:00,CLOSED,0,1200,6000,6000_AFTER_SECOND_BOUNDARY,0
1160,2026-10-05T23:14:00+00:00,CLOSED,0,1200,6000,6000_AFTER_SECOND_BOUNDARY,0
1161,2026-10-05T23:14:30+00:00,CLOSED,0,1200,6000,6000_AFTER_SECOND_BOUNDARY,0
1162,2026-10-05T23:15:00+00:00,CLOSED,0,1200,6000,6000_AFTER_SECOND_BOUNDARY,0
1163,2026-10-05T23:15:30+00:00,CLOSED,0,1200,6000,6000_AFTER_SECOND_BOUNDARY,0
1164,2026-10-05T23:16:00+00:00,CLOSED,0,1200,6000,6000_AFTER_SECOND_BOUNDARY,0
1165,2026-10-05T23:16:30+00:00,CLOSED,0,1200,6000,6000_AFTER_SECOND_BOUNDARY,0
1166,2026-10-05T23:17:00+00:00,CLOSED,0,1200,6000,6000_AFTER_SECOND_BOUNDARY,0
1167,2026-10-05T23:17:30+00:00,CLOSED,0,1200,6000,6000_AFTER_SECOND_BOUNDARY,0
1168,2026-10-05T23:18:00+00:00,CLOSED,0,1200,6000,6000_AFTER_SECOND_BOUNDARY,0
1169,2026-10-05T23:18:30+00:00,CLOSED,0,1200,6000,6000_AFTER_SECOND_BOUNDARY,0
1170,2026-10-05T23:19:00+00:00,CLOSED,0,1200,6000,6000_AFTER_SECOND_BOUNDARY,0
1171,2026-10-05T23:19:30+00:00,CLOSED,0,1200,6000,6000_AFTER_SECOND_BOUNDARY,0
1172,2026-10-05T23:20:00+00:00,CLOSED,0,1200,6000,6000_AFTER_SECOND_BOUNDARY,0
1173,2026-10-05T23:20:30+00:00,CLOSED,0,1200,6000,6000_AFTER_SECOND_BOUNDARY,0
1174,2026-10-05T23:21:00+00:00,CLOSED,0,1200,6000,6000_AFTER_SECOND_BOUNDARY,0
1175,2026-10-05T23:21:30+00:00,CLOSED,0,1200,6000,6000_AFTER_SECOND_BOUNDARY,0
1176,2026-10-05T23:22:00+00:00,CLOSED,0,1200,6000,6000_AFTER_SECOND_BOUNDARY,0
1177,2026-10-05T23:22:30+00:00,CLOSED,0,1200,6000,6000_AFTER_SECOND_BOUNDARY,0
1178,2026-10-05T23:23:00+00:00,CLOSED,0,1200,6000,6000_AFTER_SECOND_BOUNDARY,0
1179,2026-10-05T23:23:30+00:00,CLOSED,0,1200,6000,6000_AFTER_SECOND_BOUNDARY,0
1180,2026-10-05T23:24:00+00:00,CLOSED,0,1200,6000,6000_AFTER_SECOND_BOUNDARY,0
1181,2026-10-05T23:24:30+00:00,CLOSED,0,1200,6000,6000_AFTER_SECOND_BOUNDARY,0
1182,2026-10-05T23:25:00+00:00,CLOSED,0,1200,6000,6000_AFTER_SECOND_BOUNDARY,0
1183,2026-10-05T23:25:30+00:00,CLOSED,0,1200,6000,6000_AFTER_SECOND_BOUNDARY,0
1184,2026-10-05T23:26:00+00:00,CLOSED,1,1200,6000,6000_AFTER_SECOND_BOUNDARY,0
1185,2026-10-05T23:26:30+00:00,CLOSED,0,1200,6000,6000_AFTER_SECOND_BOUNDARY,0
1186,2026-10-05T23:27:00+00:00,CLOSED,0,1200,6000,6000_AFTER_SECOND_BOUNDARY,0
1187,2026-10-05T23:27:30+00:00,CLOSED,0,1200,6000,6000_AFTER_SECOND_BOUNDARY,0
1188,2026-10-05T23:28:00+00:00,CLOSED,0,1200,6000,6000_AFTER_SECOND_BOUNDARY,0
1189,2026-10-05T23:28:30+00:00,CLOSED,0,1200,6000,6000_AFTER_SECOND_BOUNDARY,0
1190,2026-10-05T23:29:00+00:00,CLOSED,0,1200,6000,6000_AFTER_SECOND_BOUNDARY,0
1191,2026-10-05T23:29:30+00:00,CLOSED,0,1200,6000,6000_AFTER_SECOND_BOUNDARY,0
1192,2026-10-05T23:30:00+00:00,CLOSED,0,1200,6000,6000_AFTER_SECOND_BOUNDARY,0
1193,2026-10-05T23:30:30+00:00,CLOSED,0,1200,6000,6000_AFTER_SECOND_BOUNDARY,0
1194,2026-10-05T23:31:00+00:00,CLOSED,0,1200,6000,6000_AFTER_SECOND_BOUNDARY,0
1195,2026-10-05T23:31:30+00:00,CLOSED,0,1200,6000,6000_AFTER_SECOND_BOUNDARY,0
1196,2026-10-05T23:32:00+00:00,CLOSED,0,1200,6000,6000_AFTER_SECOND_BOUNDARY,0
1197,2026-10-05T23:32:30+00:00,CLOSED,0,1200,6000,6000_AFTER_SECOND_BOUNDARY,0
1198,2026-10-05T23:33:00+00:00,CLOSED,0,1200,6000,6000_AFTER_SECOND_BOUNDARY,0
1199,2026-10-05T23:33:30+00:00,CLOSED,0,1200,6000,6000_AFTER_SECOND_BOUNDARY,0
1200,2026-10-05T23:34:00+00:00,CLOSED,0,1200,6000,6000_AFTER_SECOND_BOUNDARY,0
1201,2026-10-05T23:34:30+00:00,CLOSED,0,1200,6000,6000_AFTER_SECOND_BOUNDARY,0
1202,2026-10-05T23:35:00+00:00,CLOSED,0,1200,6000,6000_AFTER_SECOND_BOUNDARY,0
